m,n,giftSolverflowtime,distributedGiftSolverflowtime,lpSolverflowtime,giftSolverTime,distributedGiftSolverTime,lpSolverTime,lpSolverPreTime,lpSolverPostTime
2,2,0.7143743781315811,1.017746019962617,0.8660259671470831,189897.34,857682.99,7487419.1,174257.2,195619.77
2,3,1.0640050609822869,1.611632190047818,1.3260600008178907,120598.89,485487.42,7181355.04,133634.19,107663.83
2,4,1.5277793398346313,2.048199095735856,1.8470573255399332,68449.13,375208.69,7004941.97,110866.75,94066.81
2,5,1.8586416799489753,2.4698055098349445,2.245634100949615,66022.1,285509.73,7056985.29,110051.67,88344.76
2,6,2.2379431144979445,2.950288057553456,2.9109219658505743,65807.64,247425.73,7118799.52,101990.39,84580.33
2,7,2.6666670951815497,3.5791309236801054,3.3683515081412914,63125.36,218240.49,6927154.58,96021.6,73468.41
2,8,3.16683373656244,4.066489122270846,3.8146906982834143,56357.83,222120.39,6893828.82,91045.18,68927.64
2,9,3.5048023905513257,4.638991823528993,4.450676226267772,59150.69,206177.65,6857317.77,87940.92,62109.42
2,10,3.944533190476652,5.084862125167091,4.722394558117808,54290.6,197601.24,6884964.27,88937.59,54801.27
2,11,4.308353674144012,5.518244053917159,5.329679404196053,61520.94,199343.3,6888841.89,77891.6,54663.91
2,12,4.789881818473451,5.862953210643732,5.780853470543711,64713.11,189243.47,6822514.13,76619.11,54178.09
2,13,5.154436464186307,6.481717674613751,6.317136910492078,66359.54,189811.65,6857274.95,77037.11,53058.2
2,14,5.720796950832697,7.217902353597014,6.799851990443204,74779.75,184712.17,6832952.86,77804.48,52449.48
2,15,6.131696270968903,7.477190214002103,7.195169209786459,79735.3,194028.73,6905312.42,78405.56,51133.62
2,16,6.623474334661161,8.096956863921063,7.867146831302241,79183.1,184808.84,6945068.13,77279.35,52816.87
2,17,7.162380575690699,8.715191570052937,8.555141747032554,81954.6,189873.12,6940996.35,78605.07,54396.97
2,18,7.378068828555672,9.062619544187342,8.921263461307916,81057.44,186375.27,6932145.48,79965.53,54007.56
2,19,7.96471274570487,9.437403564945935,9.232612385436317,88605.91,184413.12,7157915.92,87095.31,57764.57
2,20,8.567532182871561,10.111579989465625,9.91426568201088,92518.0,170341.62,7094794.78,85917.63,56357.35
2,21,9.121658901538645,10.613083920198791,10.610766971231623,89361.79,154040.42,7034689.58,82201.94,55477.82
2,22,9.049964170336217,10.925852817905584,10.772862715010229,108334.01,170301.66,7043086.41,82091.34,56480.66
2,23,9.960381570855095,11.41003116259029,11.512610091551949,99405.2,147284.89,7019489.74,81831.54,57379.73
2,24,10.20181732055761,11.901536147729553,11.842209253843949,117670.51,150987.78,7133034.59,83915.87,59305.58
2,25,10.678102880471863,12.26168729560839,12.407527965132436,120252.83,154540.31,7084299.84,83519.42,59271.08
2,26,10.988661586238088,13.06646271624061,12.879361096375355,143662.73,146602.35,7157575.23,84616.77,63774.54
2,27,11.925236998460075,13.726894387200213,13.524098131364376,145874.44,141297.07,7172868.75,87266.48,64572.3
2,28,11.996100117189712,13.866751055413253,13.590711214232856,144617.75,139395.96,7229067.53,85131.98,77009.26
2,29,12.497750904471152,14.631374575357782,14.113793632555339,163391.56,134743.71,7179968.19,87611.27,63023.73
2,30,13.206539998943258,15.21784236305562,15.169033270356243,159928.83,135523.08,7251486.02,90269.62,64582.5
2,31,13.205744868277657,15.395773853658795,15.467714406531979,180721.44,123880.24,7312435.4,89195.55,62670.47
2,32,13.906361358843046,16.163382625755197,15.97653264647211,193679.21,131665.65,7249877.25,89351.22,65344.88
2,33,14.421640354156676,16.52325745575107,16.223851703223705,204278.96,119293.55,7311823.55,91256.03,94944.21
2,34,14.682787836512368,16.921712446552256,16.812245254090584,218238.07,137158.22,7217340.09,90782.51,75122.64
2,35,15.306741333828422,17.846261648396773,17.35001037843803,220420.8,120336.51,7307437.98,93151.86,74180.26
2,36,15.749028246089372,17.81446615377705,17.72421948888734,218592.64,120813.83,7429819.51,90945.12,75271.0
2,37,16.299796316770504,18.502349422516115,18.27923253024116,251956.52,118937.04,7307607.97,90271.66,76511.78
2,38,16.57216064458891,18.812776474427675,18.647594283298396,238129.57,117122.89,7322056.86,92503.13,77044.27
2,39,16.76151399763937,19.232791880332535,19.165379195211266,295707.46,123564.71,7359278.72,93481.09,78220.3
2,40,17.899933652844958,19.944982475254697,20.071290849797276,278089.81,123870.55,7452527.65,94687.22,80456.27
2,41,17.71837923476734,20.065874234254135,20.00995384735678,293321.77,124392.66,7464828.68,97767.02,83192.64
2,42,18.78773602689376,20.878965177070437,20.773872068646934,292069.32,138865.21,7396391.61,95708.01,83123.35
2,43,18.979775562888722,21.5920138775304,21.56771497826349,293718.06,130026.08,7411208.11,97423.69,85002.55
2,44,19.668442501521742,22.336184948065892,22.196207778100888,323591.4,119347.24,7612182.16,96954.49,91142.64
2,45,20.20410451831555,22.719362663924596,22.506712072313643,352180.59,117885.68,7480511.14,98055.03,91019.96
2,46,20.401010050125173,23.012810461519607,22.89303715980602,351816.32,121659.41,7529216.1,99407.16,91888.29
2,47,21.00992316958389,23.140335235830566,23.16864891025743,348501.5,119980.65,7499996.01,100552.44,93459.45
2,48,21.491152844805434,24.337347100876254,23.815225569467916,415070.93,119179.22,7626432.64,99723.75,95237.06
2,49,21.67932100264524,24.861212927766175,24.493448712575372,444346.47,120830.5,7574980.29,100943.14,97910.32
2,50,22.596425361506,25.188956855945786,24.779933573711364,398402.28,120628.07,7583624.96,100025.66,99751.53
2,51,22.87973299655017,25.199924913899608,25.19320737083389,386844.41,122923.34,7608105.52,102296.85,102633.33
2,52,23.326232802350905,25.954065151991248,25.647639104101323,447859.45,123827.96,7608456.41,104538.46,103116.08
2,53,23.734115053657383,26.45135915477369,26.37228861265805,479709.67,130826.71,7633135.99,108381.45,104851.8
2,54,24.033990255845527,27.257717629834634,26.89875223014352,508237.32,119430.25,7730744.81,104622.26,103683.21
2,55,24.65752765749518,27.568810482355126,27.501063060984023,516655.31,121990.19,7619974.53,109796.77,109497.35
2,56,25.160822602518728,28.12736137800833,27.71587878046947,504856.42,121688.56,7722496.47,107025.65,105498.08
2,57,25.51257985288656,28.530940263596126,28.17453011148444,495780.63,118747.07,7726408.49,106678.28,105941.3
2,58,26.131354304178068,29.098202485564954,28.363005366881577,612514.91,120988.83,7775345.47,109598.28,111431.99
2,59,26.58303234314542,29.197411614745036,29.209390062018514,542307.61,121560.66,7787016.43,103208.75,108260.65
2,60,27.34721209995502,30.13823733587988,29.71545057201307,569503.81,121536.39,7782670.46,105513.43,110324.03
2,61,27.763058846944958,30.44771859461006,30.276968712030797,537622.36,120552.44,7815548.37,103948.04,110364.74
2,62,28.15041434193977,30.963668091240542,30.168077864429396,585873.73,128163.42,7826519.22,104657.82,113680.53
2,63,28.60080188539181,31.646652114089356,31.535492445676184,605947.65,119613.65,7763878.5,107039.6,114791.99
2,64,28.998348905690314,31.93574756844255,31.55808408783075,687262.17,119237.79,7776266.34,107830.92,116831.03
2,65,29.367320138799165,32.55526767261815,32.06656716894763,646235.47,119645.6,7891865.49,107261.97,117788.12
2,66,29.59404052260766,32.64243763984938,32.4320101500797,731927.22,147533.14,7916386.55,108770.76,120853.64
2,67,30.80322546954312,33.85309260131492,33.866495396101016,688760.87,123111.22,7894524.24,108646.68,123853.61
2,68,30.664176036153503,33.84579452512868,34.014025057267844,798617.89,118844.3,7925259.4,111322.01,127457.16
2,69,31.12792978183342,34.20352013171597,34.0198274601292,750152.27,125452.18,7945993.45,110693.61,126695.71
2,70,31.848741602496087,34.748238309750626,34.87275048753999,768640.84,128333.44,7963359.21,111709.49,130581.44
2,71,32.6186064981828,35.925833490051986,35.535315274374405,818480.13,145462.9,7965194.33,111318.59,131161.77
2,72,32.87926715833989,35.49215338813212,35.93230442187726,723534.43,129796.77,7961274.35,113711.03,134821.25
2,73,33.091914244917746,36.2045085072136,36.06066382986836,840717.54,126619.1,8100067.88,114256.02,135134.8
2,74,33.62028303504333,37.53084073866599,37.29495155241749,946908.85,123673.86,8010690.98,113775.13,138261.8
2,75,34.8368814715064,38.02087203403918,37.93923128714842,831999.64,130139.19,8145965.71,116554.21,141943.69
2,76,34.922893557100814,38.209718069852876,37.904871724409105,803879.05,128941.33,8125641.43,117065.67,141952.01
2,77,34.78919367900851,38.54372154822732,38.643595954996684,955818.75,149647.16,8137728.29,119006.68,144947.74
2,78,35.62001772714636,39.098839996797814,39.399330631328006,1082494.61,125456.01,8219084.96,122593.81,151520.91
2,79,35.879939599182855,39.570258443478956,39.439949953848696,1103362.58,131026.87,8192037.54,126081.42,154096.8
2,80,36.92249854034123,40.14242071574157,39.44680700272757,1010269.74,129402.03,8288424.83,121730.81,154557.83
2,81,37.40922850549901,40.809647926632096,40.55286059255251,1007676.02,130296.83,8193097.09,120739.59,153952.84
2,82,37.59831265479581,40.869662487581735,40.725696341608874,1128699.35,131483.39,8226014.54,122606.08,157644.57
2,83,38.30988500743931,41.47328020184162,41.54282324177997,1123608.9,132842.9,8278260.91,123141.46,158591.27
2,84,38.957962724368,42.19624063390382,41.94405719782978,1164284.3,134234.54,8305571.1,124882.92,164179.0
2,85,38.36239548808016,42.3264154492399,41.93796192458166,1234554.43,131588.58,8273091.57,125502.5,162875.09
2,86,39.937887178716664,43.11117199954664,42.8348772300332,1129147.06,133848.76,8303486.5,125935.49,166798.76
2,87,39.639153471007695,43.72918406907618,43.04104213327919,1299664.7,131597.23,8372045.0,127350.31,167494.65
2,88,40.47035504411273,44.22454828989764,44.047476359385875,1246901.16,136090.66,8335021.06,128654.69,170697.69
2,89,41.200216584596475,44.61491480567287,44.238653555912734,1192673.72,133085.38,8347279.84,130626.36,176033.95
2,90,41.572338729010795,45.35656515013272,44.65865292551751,1335194.67,134844.53,8311237.72,129073.19,177089.44
2,91,41.922349010457,45.55289012898291,44.986348205297034,1348184.04,133877.14,8410601.27,129827.63,178227.71
2,92,42.180886106800365,45.60884085608301,46.06009767268085,1487384.6,133978.12,8427086.88,130609.33,179413.99
2,93,43.16168514537512,46.71154296928685,46.50261031400004,1456091.55,140723.69,8490959.58,131824.29,182135.6
2,94,44.0799772211968,47.266499979304925,46.7860320696485,1310661.86,136584.15,8465505.6,131123.33,182876.48
2,95,43.93988929451445,47.75917107198289,47.74060849178603,1495938.26,138623.67,8548588.7,134128.39,189172.94
2,96,43.96477022851591,47.67229262276749,47.51624792052703,1606042.39,138680.81,8394132.51,134487.0,191102.26
2,97,44.947040614180445,48.06467725707453,48.20288482864532,1418930.2,139266.36,8558662.87,136426.75,193933.68
2,98,45.408960661334234,49.101712158432335,49.10618048281228,1657327.22,136105.0,8552744.57,136104.58,195771.86
2,99,46.067769268109586,49.919600345473135,49.897304475204194,1562351.52,147520.72,8599561.4,137649.58,201848.22
2,100,45.69295024860421,49.66152966223704,49.81664967100257,1590869.99,157430.18,8519073.51,139795.98,201705.29
3,2,0.5119017392863018,1.0099211414480278,0.6871999819642056,65745.65,189641.93,7065248.9,68059.19,44925.35
3,3,0.8248483230238968,1.550652818774264,1.2330714273099583,42214.04,140401.6,6636145.13,55878.52,33701.39
3,4,1.0470695950669395,2.048457751016558,1.7504494207253776,45408.84,113197.93,6608103.56,56612.92,35879.18
3,5,1.3845838977533993,2.49986825075737,2.2512043973309894,53275.88,112377.04,6700599.69,59120.47,35785.86
3,6,1.6748536402722183,2.9635713904001717,2.817666503530437,61111.14,113925.61,6725691.39,59871.89,36593.92
3,7,2.0984263867876973,3.4535467670046063,3.2362287966300705,66943.21,114592.95,6756181.72,61208.09,37734.48
3,8,2.4907558020993745,4.047557363798482,3.901171435523435,74152.09,113785.12,6735648.36,62620.01,37410.36
3,9,2.7843132001802395,4.705894950189266,4.324261931792117,82788.93,112787.21,6833581.27,64245.76,39600.06
3,10,3.054633299031322,4.853833240646686,4.701242873385915,96299.48,112594.97,6869710.4,65545.83,39667.39
3,11,3.3896962211079167,5.47419627445296,5.267637883734984,103260.7,114943.72,6830549.73,65756.0,39399.09
3,12,3.6535306039869635,5.951269837081233,5.532525767127579,118396.09,112784.43,6936625.1,67725.31,40776.01
3,13,4.003690115157208,6.450894571959169,6.226944496539812,125216.99,116491.89,6970467.76,68690.42,41596.07
3,14,4.342077327548391,6.906124862135498,6.752760278435431,143056.64,119461.2,6955585.52,69757.3,42733.12
3,15,4.748955464681216,7.445935413670249,7.241167163773605,148001.1,119100.19,6991181.1,71902.98,43497.41
3,16,5.179649914281168,8.160208854837062,7.64848182789262,166974.07,115395.95,6982963.96,72695.31,45058.33
3,17,5.542954067943286,8.642032874003375,8.013145686552875,190779.29,115502.47,7031675.16,73931.89,45711.91
3,18,6.043297894432454,9.072043635259257,8.74391940855886,194708.23,126384.19,7097771.19,75718.6,46122.47
3,19,6.387665176301485,9.39618135262052,9.542238926726869,210458.83,114320.05,7017705.46,76609.84,46448.38
3,20,6.911887567670028,10.103893113917014,10.035699522325034,227633.09,114731.16,7033800.85,78526.21,48193.33
3,21,7.078449638504075,10.532758551073869,10.20473179445391,260985.82,119728.37,7142162.82,79645.49,48568.03
3,22,7.638955931655229,10.855467422114943,10.806580218996928,252759.71,117233.89,7135627.1,79578.88,50018.51
3,23,8.026429399843982,11.78390445463078,11.06404221645915,268905.27,118964.1,7157093.81,80770.81,50954.82
3,24,8.367597538642196,11.741999396697864,11.683434888987735,269483.59,115970.72,7198464.78,81211.34,51472.95
3,25,8.645364863075498,12.83421086400994,12.42223118947143,316794.76,122188.0,7245365.58,83396.54,52737.68
3,26,8.96651213040881,12.908545528188574,12.79352862993719,337788.09,119480.74,7245790.63,86107.35,53999.84
3,27,9.49594038759449,13.408621661686887,13.211672261779459,363656.42,124907.1,7230756.4,86672.48,53921.53
3,28,10.088905667407015,13.851494687636936,13.814777610957746,356983.0,121720.39,7309871.66,87134.49,56471.46
3,29,10.229801112859585,14.8101168965314,14.362958189066273,398010.23,123762.31,7263535.6,87784.09,56695.92
3,30,10.846133256350692,15.131002306477196,14.79715501905384,422015.63,119274.49,7270742.62,90512.51,58216.17
3,31,11.231945683530551,15.540402453065811,15.197243391298343,434610.61,123988.7,7275868.1,92833.54,60644.78
3,32,11.795352606015875,16.05190592533874,16.25981038023788,440972.2,123438.37,7384156.62,92385.51,59543.05
3,33,11.978616758801033,16.202255315842695,16.16002512460744,493785.62,120936.77,7415648.38,93780.42,66778.86
3,34,12.253671433432274,17.08908652760198,16.683110662264593,514754.4,121771.06,7392089.36,95602.82,68242.63
3,35,12.707318708054492,17.604917204274365,17.08433525924515,556417.37,121218.28,7467189.99,95881.68,69796.93
3,36,13.11477683743391,17.919116494064607,17.666386329811832,593471.32,148390.94,7427308.47,98294.59,71079.3
3,37,13.930552055930656,18.673113581496366,18.31340491758514,539257.03,120800.55,7483295.71,97526.45,71672.23
3,38,14.16474430470111,19.061867044383142,18.831277443078093,612213.88,139899.47,7504337.66,99395.26,73987.73
3,39,14.548464250275378,19.59945921708563,19.24490524232192,617334.2,126855.6,7621255.45,99964.4,75027.75
3,40,14.57942458617184,19.593336086597574,19.432949651157823,678448.11,127429.83,7599473.3,100157.68,75682.51
3,41,15.138291815198695,20.718346710912886,20.456300952362227,779490.27,124978.36,7617530.44,107540.48,79048.1
3,42,15.872792531194479,21.11144358104168,20.83856053481676,780374.04,130910.88,7632220.14,106010.51,79828.23
3,43,16.022260805963164,21.319519710671155,21.207043823314798,799736.34,128372.04,7671857.33,105849.76,80450.5
3,44,16.676840048058676,21.967536737371187,21.492198890983126,803177.22,130508.46,7694777.31,109049.5,83046.3
3,45,17.03402035236402,22.58130134712836,22.447151475720457,843910.79,127284.87,7753467.35,108933.77,85880.86
3,46,17.71216831205706,23.10816403613655,22.807543723433458,876161.74,127057.91,7726810.8,111091.36,85391.63
3,47,18.148551580237935,23.495797091529994,23.4150324991831,860224.88,130224.14,7765791.45,111593.13,87096.06
3,48,18.472995744237643,24.14348992397258,23.55897528734795,964215.15,150224.21,7795650.34,112909.29,89460.98
3,49,18.850220073660232,24.57625072423327,24.40486349607608,957282.23,130817.41,7841130.89,115647.29,90896.14
3,50,19.705057458136483,25.1176005909793,24.9090523939446,916327.19,134982.22,7834286.41,116356.13,92724.28
3,51,19.636390315838398,25.726261041721276,25.198120671837977,1056496.77,128500.42,7862755.72,116256.98,95783.41
3,52,19.903521531464055,26.231268387311538,25.857956441542914,1146633.98,133240.4,7871665.47,118200.23,95459.68
3,53,20.85101302724512,26.60467918886527,25.808085937915436,1054767.38,133780.38,8020388.52,118893.24,97705.79
3,54,20.658801464422787,26.985399610159533,26.749200312135194,1215623.41,129483.94,7989184.19,120810.96,99723.92
3,55,21.4616266500557,27.493107066048342,27.241043297340997,1211596.68,133082.41,7969916.47,120749.01,101458.1
3,56,22.10545056441414,28.188620435049753,28.09181262289729,1206900.41,130257.31,7973639.77,122317.22,102414.76
3,57,22.527606780345337,28.724323161692165,28.462849367147122,1276104.52,153159.74,7997204.58,124469.64,104246.25
3,58,22.51164836688591,28.582584631296246,28.7762146915714,1373676.46,135290.6,8070706.67,126521.35,106999.83
3,59,23.57475571993592,29.44299193138116,29.574094810606788,1297222.79,134082.18,8157055.69,127273.71,108152.42
3,60,23.653370402453266,29.762102455523554,29.844605694894714,1371080.49,133305.98,8106619.5,129244.67,111831.3
3,61,23.9832660331735,30.376702444214324,30.209303323611337,1494966.4,154036.18,8168747.46,131010.9,112218.71
3,62,25.02782481892015,31.18227511547587,30.922376270621147,1450614.71,139718.45,8174360.56,130682.85,113642.54
3,63,24.83404786182108,31.672915159876226,31.058437007634442,1611753.06,135363.08,8270261.08,133838.25,116668.17
3,64,25.938171279464463,32.31659428793134,32.19023063408189,1428395.96,134768.95,8222924.04,134117.78,116493.94
3,65,26.052066779938713,32.55491690045656,32.07753439218838,1651001.08,135862.26,8250945.09,135182.07,120616.9
3,66,26.26676827540796,32.9782528023818,32.35423145309274,1611942.63,134620.71,8222097.11,135700.84,122567.18
3,67,26.58094095449935,33.4627927557859,33.15881911961697,1731940.17,135176.59,8280436.22,140855.25,124290.68
3,68,26.93977085449366,33.93761408593209,34.00689525678845,1835622.88,138376.82,8357037.49,142696.92,127341.86
3,69,27.671061568294327,34.4428668049556,34.62311404634309,1906463.18,135344.95,8305337.55,142574.4,128260.2
3,70,28.02055150557188,34.72088292439439,34.7022904449732,2049739.0,139718.39,8366560.96,145438.26,130867.13
3,71,28.564693250636182,35.71142663243881,35.33991310056401,2082862.43,138994.78,8358898.01,147291.66,134986.03
3,72,28.71514679531982,35.907596120917184,35.906948395629485,2039671.08,136717.92,8479125.86,147627.66,134567.87
3,73,29.47593081356769,36.66604614037959,36.241311763315764,2048765.82,135468.47,8479263.36,149732.07,136793.13
3,74,30.34639127044941,36.89589123148965,36.46935797019407,2030453.25,140397.29,8482205.91,151563.15,142135.31
3,75,29.57913891381547,37.309084050186655,36.86254494051646,2297691.89,142980.61,8525310.88,153468.22,142743.11
3,76,30.946769096818706,37.80434018782406,37.70746633143349,2156240.7,142030.76,8503711.03,153393.73,143720.77
3,77,31.39336125795496,38.84889675686997,38.51141639281058,2364581.35,153973.46,8548068.28,155441.23,146135.87
3,78,32.13500055864418,39.10652385461233,38.89482283398152,2188608.64,144448.04,8598427.98,155363.51,148920.97
3,79,32.372523523243295,39.59469216754891,38.991790285736094,2328965.49,137668.36,8565444.34,157266.34,148949.27
3,80,33.203046575176096,39.96270641585107,39.771839286968415,2231087.76,142024.25,8642003.18,159186.63,153998.17
3,81,33.40324795051793,40.694701349187895,40.64642200059187,2587605.32,145663.92,8609690.44,161707.22,155535.85
3,82,33.95712057324881,41.407663849949955,40.95879677974011,2560466.32,140409.7,8683516.66,161574.02,162983.9
3,83,33.721550087986905,40.91738638836933,40.944659542324835,2722183.14,146080.98,8722192.94,164558.27,161274.24
3,84,34.88350742770882,41.574557710965976,41.300006873171114,2390505.27,162353.05,8748396.86,164045.58,162777.19
3,85,34.463940103842006,42.76194519966016,42.08218750795956,3119141.93,163066.12,8708957.31,166978.7,165414.22
3,86,34.78202091484844,42.85343390857098,42.70967207653327,2905482.25,156330.03,8800919.34,169077.51,166609.33
3,87,36.84300668341522,43.829281321522785,43.26371339436284,2709295.25,148854.44,8785115.19,169830.33,169135.76
3,88,36.51287479190016,43.73207312338852,43.961304091473764,2836639.5,170528.69,8869199.29,171774.41,172134.35
3,89,37.07714856055209,44.77893972109074,44.210273098517355,2866825.62,146955.48,8797442.3,170030.99,172973.03
3,90,37.41134474684237,44.64595737896694,44.86973482705377,3202652.16,168615.96,8831169.47,174664.92,177566.05
3,91,38.13898998891841,45.77007284966206,45.45992210081617,3028173.29,146907.27,8869924.71,175006.11,179554.93
3,92,38.14591076795298,46.37771876826138,46.30788146618988,3297617.54,166434.25,8866593.97,177108.21,181697.15
3,93,38.624413148539304,46.68462288291244,46.35719257054178,3330246.17,149955.47,8968894.47,178143.62,186804.12
3,94,39.58748524547121,47.56343839887661,46.694694155024926,3368811.06,150668.39,9010063.67,179847.8,185872.23
3,95,39.43328019074244,47.72565419702645,47.358629537643104,3736566.71,149595.74,9044471.04,181552.63,191179.55
3,96,38.9239972473769,47.3814907580569,47.69817266978778,4061664.46,155418.69,9057438.09,182551.64,192525.98
3,97,40.715411361188664,48.81586577417788,48.37363191531003,3857372.84,161476.9,9066986.8,183939.11,197639.79
3,98,40.674019222350005,49.101940503784526,48.98686831906911,3702136.46,148864.0,9054005.76,186088.19,199315.01
3,99,42.08991541922312,49.346475637102465,49.228360271763485,3705623.13,153609.39,9102492.43,186092.36,201775.88
3,100,41.618022234835344,50.36589106940807,49.60578717936433,4029328.54,150390.04,9091758.41,190375.15,203925.03
4,2,0.43969933748094353,1.0851298165638155,0.8131439835562821,62447.58,170554.23,6651165.99,60274.81,45006.44
4,3,0.6175304853442133,1.4306625644453055,1.2445547286383152,53339.81,129993.7,6562346.2,57884.31,39112.15
4,4,0.7761717882646859,1.8690271351344423,1.4990183584011876,60143.88,125316.91,6700411.7,58878.4,40388.66
4,5,1.1084708690706377,2.533158535512765,2.286230809264911,73351.78,153338.8,6709862.63,61163.66,40819.99
4,6,1.4069108361546754,2.9884609570890057,2.727316938211464,83748.62,130827.54,6780761.2,63061.74,41795.14
4,7,1.6100557941755695,3.5519711265197564,3.1515044314077203,96754.25,131512.55,6802082.48,65760.17,41981.09
4,8,1.8513992708843297,4.066139555375898,3.724710609772545,109901.18,138480.8,6801284.27,65726.35,42603.17
4,9,2.1589129192568426,4.520090263493971,4.151375785869666,126287.81,133494.23,6893426.9,67978.79,45417.21
4,10,2.342802005538954,5.010780034193803,4.566093226156536,142921.42,132281.09,6901712.74,70330.26,42492.97
4,11,2.6939935131546218,5.482719680662094,5.283275346611147,162662.59,136061.94,6863121.66,71501.94,43109.12
4,12,2.966133498436287,5.909471858220416,5.820329235995006,188600.57,137663.28,7043380.3,73318.23,43853.44
4,13,3.214932098207468,6.4433418811990295,6.292271605247761,208183.9,134748.64,7054938.23,75718.1,44948.24
4,14,3.668815977206199,6.8926901806266185,6.765852278226822,220306.88,132220.33,7031519.18,77204.74,45261.62
4,15,3.8102798892165253,7.448611885905533,7.144357232610909,248260.32,131386.75,7136455.94,78252.71,46357.58
4,16,4.27033389575785,8.016390799440835,7.799650601907964,267978.74,130657.76,7153853.4,79446.19,46999.2
4,17,4.519726899594552,8.576416616078433,8.008417214796605,289385.11,136748.79,7168792.87,81762.06,48008.69
4,18,4.830863879195696,9.022823898407237,8.669613089787465,330670.56,134719.74,7156730.03,83752.38,49741.94
4,19,4.992783303584184,9.476356496386463,9.253078778167797,366763.35,134703.39,7112139.73,84988.25,50089.11
4,20,5.4650186969785075,9.962055663553452,9.719812826261103,377271.44,133706.63,7233312.07,86378.55,50556.08
4,21,5.654207266986744,10.5956722081301,10.328471932081435,411001.68,139114.09,7299463.94,88650.17,51925.71
4,22,6.058999844747797,11.050452563278657,10.702536384454364,438898.6,135829.21,7248389.84,89756.83,52191.99
4,23,6.452837670900672,11.774563947101207,11.276082370281456,461540.01,135942.54,7367276.53,91361.4,53089.81
4,24,6.716940522433422,11.960186430827768,11.818302704794997,538561.47,136062.46,7312016.22,93574.3,55605.21
4,25,7.261760069205094,12.66180101067278,12.438526334121196,560318.52,140013.31,7334208.2,94631.89,55682.6
4,26,7.295467795524677,12.726884553067368,12.457395850047135,573569.11,138324.81,7381885.14,94946.46,56072.6
4,27,7.794279996096598,13.787420506421505,13.35329151954039,628481.85,138733.85,7441671.77,97477.65,57680.63
4,28,7.953737223158737,13.99945635790096,13.752909485240837,647320.81,140735.2,7404998.7,98581.6,59553.7
4,29,8.316959479921188,14.623855608458722,14.294343088306253,707544.13,138796.51,7539514.23,101090.63,59710.81
4,30,8.879112966597816,14.928074330828503,14.421005642050607,731756.68,140686.03,7565453.79,104126.96,62267.39
4,31,8.779718981785297,15.555470533555276,15.192712514342963,820452.17,142488.73,7543163.43,105188.69,79296.93
4,32,9.462649063316459,16.05461569327071,15.96903847091626,836137.14,163909.42,7611319.18,108828.9,64507.92
4,33,10.024148423526142,16.46629289338337,16.48505669311753,858123.14,142504.68,7712116.62,109198.32,70289.87
4,34,10.300360538649088,17.15381500663213,16.686610850657022,897984.52,142818.11,7654236.11,110030.07,71815.76
4,35,10.416769259664296,17.317511426712766,17.49870216464559,1018946.44,142072.02,7800851.58,111544.78,73594.91
4,36,10.738065460612338,17.846612091408474,17.73588278913386,1025288.09,140484.88,7815455.31,113294.78,74700.48
4,37,11.601824966873846,18.411240190788128,17.898195281301586,997933.65,142684.09,7676323.67,115571.41,76859.0
4,38,11.813253337521722,18.86985260743172,18.945040075253893,1127674.17,146247.64,8066292.4,119767.73,79085.42
4,39,12.169620938356607,19.626706203525295,18.9102205332126,1134689.23,144864.66,7901959.81,118162.88,78618.28
4,40,12.58089672043119,19.794813327413554,19.676228787775454,1161517.79,147145.55,7861549.49,120326.52,81016.18
4,41,12.64610580302431,20.626561371502024,19.8543747735859,1269944.9,149301.93,7864184.94,122115.21,83408.04
4,42,13.172214780468618,20.439738811090645,20.70360972604749,1307310.7,146981.96,7985784.18,122899.51,83632.29
4,43,13.310121082801968,21.632615854956615,21.261212171680764,1418006.35,145047.07,7885253.79,124768.72,85526.7
4,44,13.578603510580583,21.953030764961124,21.55841837754078,1443774.48,145279.07,7953154.94,127009.36,87925.34
4,45,14.325925694433897,22.498301553047945,22.51292266140247,1426069.39,159243.55,7995389.81,128396.79,88195.89
4,46,14.471515395744516,22.853426300565893,22.44487218422112,1533266.63,146367.94,8086538.23,131392.18,90065.24
4,47,14.98201997782493,23.170511691938238,22.908436699964792,1576763.44,147111.73,8024507.6,132583.43,91183.9
4,48,15.60710317069725,23.976722837019494,23.656976771551555,1690402.39,154434.72,8119938.23,134801.7,94181.15
4,49,15.487516339702298,24.485394601807982,24.08569057785147,1876129.49,147178.72,8192630.14,135961.63,94771.74
4,50,16.711269735409736,24.88810117304055,24.867262841851286,1757829.72,151477.14,8174794.08,136880.14,97834.02
4,51,16.096693871908325,25.75330741850374,25.318274229218087,2001987.16,151070.99,8229463.4,142827.06,98104.21
4,52,17.65034398434692,26.107283348998745,25.598841818314284,1772917.87,147520.59,8294030.46,143140.78,100159.59
4,53,17.33025948562921,26.32577037142016,26.258245867615777,2071143.54,149938.78,8293200.9,146489.82,103388.34
4,54,17.91147412987964,26.98012578700342,26.90493788780231,2100736.72,153432.97,8367792.59,149959.75,104547.9
4,55,18.03213278610677,27.312665227731458,27.11133510622272,2184378.13,166044.55,8305392.73,149204.73,105916.44
4,56,19.20889656701317,28.031361842266033,27.79734204815813,2127573.86,164664.87,8363255.58,150372.28,106859.92
4,57,18.706599553539103,28.65041664770209,27.88518969261434,2355218.42,154803.78,8389090.07,155138.02,110084.07
4,58,19.880411932717486,28.747013489928985,29.01732748782719,2307080.48,154230.04,8507435.3,157335.12,111554.22
4,59,19.11476815808585,29.177586996639693,29.028634358490002,2663410.68,158905.69,8416917.15,158550.63,112149.22
4,60,20.600870635585608,30.40600326490006,29.67148968532017,2447943.27,156679.43,8525373.86,159744.86,112873.64
4,61,20.442178053135876,30.746665184524726,30.343038288511572,2660795.69,165128.96,8598728.89,161624.27,117650.64
4,62,21.260621535180874,31.48432731152522,31.0865871457937,2573247.58,158255.16,8539698.71,161399.36,117973.4
4,63,21.98794794755931,31.738494289828736,31.290339334524962,2649137.34,169279.57,8580262.35,165048.49,119733.34
4,64,21.934725327025912,31.846693096265863,31.67115241718136,2813034.42,170112.1,8580796.65,167059.91,122465.58
4,65,22.47841595530414,32.2655659097818,32.10422416275218,2934949.8,160660.94,8673452.44,169658.22,126313.05
4,66,23.369869000789567,32.63975669961393,32.672157844972105,2794717.48,162277.61,8784472.94,177666.8,127148.2
4,67,22.8371461808442,33.34620968124437,32.98717133031147,3259228.79,157546.16,8692509.86,172168.9,128959.38
4,68,23.38455052827237,33.8754397377496,33.83784748186966,3204969.69,160586.01,8741858.78,174891.08,131475.66
4,69,23.568830538413874,34.16792716003338,34.21182446850446,3253688.28,184530.71,8752736.78,175801.61,136335.05
4,70,24.168375331343096,34.89161412820133,34.756801769233654,3564017.9,176489.34,8748608.81,178310.21,137688.53
4,71,24.43404236575295,35.48993018793509,35.683064870996624,3537133.18,185292.58,8851199.15,180200.58,141526.72
4,72,25.61718679442177,36.333522949067564,35.90557774077274,3403385.49,162791.32,8840670.16,182546.09,139696.52
4,73,25.711253064285465,36.61861159047704,35.7754995094994,3715691.51,163436.44,8863236.7,183859.52,143742.77
4,74,26.369900009215506,37.22377927175875,36.880626161070055,3694410.23,163851.93,8844017.17,186976.32,144207.73
4,75,26.595532526729695,37.429235646280816,37.32800234119711,3717355.89,160591.85,8883893.97,188619.59,148008.63
4,76,27.675830345403277,38.18208955926371,37.666484988348685,3898406.46,172630.4,8949022.62,191961.33,150176.05
4,77,26.78926068133397,38.62598281745221,38.10871907522808,4342230.55,176830.01,9011967.83,192347.58,150609.1
4,78,26.904658823317874,39.157064245641344,38.651492534605985,4315412.46,167144.23,9003260.57,194254.96,153234.06
4,79,27.871572393420735,39.184025923963766,39.137651734971705,4408873.87,169746.96,9024458.97,195307.45,155577.18
4,80,28.20874481097207,40.10518217182055,39.43348580206458,4355039.74,164014.48,9098530.66,198927.54,158771.75
4,81,29.190673599432998,40.23402582633501,40.250734397140256,4450664.7,166313.06,9082968.57,200054.01,159778.14
4,82,29.705615666096733,41.00095266925061,40.7299238635848,4495529.36,169720.44,9183335.01,202107.52,164211.61
4,83,30.495052202341846,41.30675085251716,41.175728424265806,4436798.41,165679.22,9185922.71,203677.53,165209.27
4,84,30.50729904614603,42.040124265845925,41.76557574704666,4867080.12,170986.46,9206830.93,204642.88,169577.08
4,85,30.64790663584353,42.61858893326484,42.04713984700382,5188101.25,186050.93,9153240.78,208416.1,171619.03
4,86,30.95864092189946,42.71828389851108,42.62721686468407,5352130.36,193118.14,9238849.82,209559.47,173635.68
4,87,30.76225199251197,43.72100240564249,43.2634396451881,5848278.2,173645.14,9267942.72,218078.28,179171.7
4,88,32.356901365276556,44.315103210339565,43.94788181984862,5446786.34,168639.64,9286437.99,212515.94,177563.16
4,89,32.439875110529535,44.4700357490332,44.17134169945108,5480482.16,173446.37,9419987.6,216961.41,181408.53
4,90,31.89707065047784,44.55473029860061,44.43497511563801,6034106.34,171673.37,9365257.3,215579.86,180883.0
4,91,32.886690026951484,45.22728362137082,45.14540292322664,6035159.52,172829.2,9474458.7,220397.37,187355.71
4,92,33.36727354889722,45.96144637932583,45.915779777010414,6004080.13,198632.3,9477481.64,221269.77,188597.99
4,93,34.49066346035589,46.54074293829112,46.335635835742735,5866010.86,172339.0,9458454.05,221961.48,191729.86
4,94,34.89948403084763,46.73182666435204,46.95205291056011,5901098.47,173143.03,9576866.03,222320.16,192869.77
4,95,35.02369310093143,47.697878300729045,47.00823288914638,6454533.55,187726.35,9508635.58,228505.08,196949.29
4,96,35.44966606237846,47.70877751736419,47.408309968508355,6487168.83,198544.18,9471139.35,232805.4,203474.26
4,97,35.80762484280108,48.53879166778215,48.26585689901858,6435260.36,192309.16,9536712.8,235210.0,200839.64
4,98,36.23308277117355,48.533453067279396,48.424666687041174,6769061.39,173394.78,9528712.8,239507.32,203885.97
4,99,37.1390573336868,49.80505534042046,49.388569939939025,6874651.17,198335.44,9767096.49,235736.24,210698.5
4,100,36.67248503461386,49.84805713684205,49.70380115813528,7334799.35,196627.22,9622829.43,242581.42,211153.34
5,2,0.3323736082230612,0.9826438078576991,0.6644193246795284,81289.09,205109.01,6638531.76,58852.87,46420.04
5,3,0.48304522592028604,1.5835085448778294,1.1204365115570019,84786.29,178838.0,6690205.6,59760.02,42848.97
5,4,0.6807685392248679,1.9676950491030945,1.6746684043120823,104987.61,170324.61,6719290.11,61335.82,43813.11
5,5,0.9116551470473262,2.4842596976673255,2.1659362770748047,125441.46,165444.15,6812493.41,63697.78,43714.04
5,6,1.184537396654357,3.0400539035255076,2.721501678190911,153080.99,178653.3,6777986.34,67473.59,44887.12
5,7,1.3509093575908775,3.507788475449556,3.1899354595787432,181672.67,164193.41,6931769.45,68042.49,45283.55
5,8,1.5339461917566246,4.028460496922657,3.6926642927210986,202502.92,165006.2,6876629.46,70607.26,46859.29
5,9,1.699258314040722,4.42587271418131,4.062114216712128,243542.76,167313.25,6947877.77,72968.2,47015.37
5,10,2.0032749260793286,4.890618055975778,4.696582839656645,278410.54,158363.61,6994172.77,75683.31,48479.26
5,11,2.27272927155842,5.4835858778825415,5.280428114531045,312376.49,164414.55,7015466.84,77615.32,48573.13
5,12,2.5049736307998978,6.049878094717233,5.745430640534712,345220.49,160524.06,7180664.94,79515.01,49413.74
5,13,2.6883190662080536,6.392689415663316,6.259773099023437,392963.2,158715.76,7028384.92,80103.18,50759.81
5,14,2.993188347715163,7.100397943509188,6.587357312443479,440420.28,176800.08,7287665.39,84060.87,51102.85
5,15,3.1629830061994055,7.452873155573749,7.055291545122031,460668.97,158404.72,7171559.49,84610.44,52326.01
5,16,3.448224943784161,8.00157875134616,7.735106538472322,518435.63,157212.97,7217066.05,88147.49,53719.89
5,17,3.701955825794114,8.301325916455276,7.9290100185049415,562321.35,156263.27,7179476.8,89654.18,54054.29
5,18,3.8723242019610877,8.961967609188976,8.479269795656288,652656.67,156087.38,7236924.0,90693.3,54638.67
5,19,4.1481699062615425,9.73184205358589,9.01479941516312,692807.64,158065.74,7388743.7,94600.65,56868.11
5,20,4.385704165655141,9.77009055235294,9.603753216162112,766993.25,158511.74,7418831.31,95658.24,58427.27
5,21,4.73944959301146,10.695273613638344,10.207923742586873,771283.67,163871.96,7420393.17,98203.05,58628.46
5,22,4.844995082159872,11.14097815694606,10.313462489299535,826382.19,159041.03,7417966.48,100242.18,59928.88
5,23,5.232081415267665,11.643770373583143,11.202416367086037,933515.14,157436.4,7461564.04,101382.92,60275.18
5,24,5.522809137250987,11.963373084966399,11.588333932176218,971522.22,158358.42,7555026.74,104115.34,61533.67
5,25,5.800431772907164,12.74644020977603,11.988382547541491,1051568.54,157837.33,7446675.95,105655.56,63053.97
5,26,5.96623992948178,13.107878236975184,12.751512529480246,1138218.0,160797.98,7624786.53,108003.94,63821.72
5,27,6.1416633013047575,13.456257132648554,13.20019596008359,1277954.99,161967.58,7640667.38,110679.0,65200.8
5,28,6.684174997697619,13.774940978802787,13.78904264233969,1185657.54,160567.5,7726728.26,112041.38,65948.33
5,29,6.91861209265689,14.430566539592782,14.162146779351602,1356184.77,163441.47,7785506.89,116048.61,68975.2
5,30,7.137495081915307,15.064991480748809,14.575341749500899,1366428.75,166641.18,7703460.84,117067.98,68349.94
5,31,7.64982376548837,15.04704397079755,15.103185541502414,1414027.97,171592.17,7830546.84,119351.41,70904.71
5,32,7.753333741500463,16.09987593521375,15.65743464818249,1580521.15,165021.62,7807908.01,121755.12,71397.32
5,33,8.028981939373459,16.621322439531717,16.328033355283257,1669938.93,162586.58,7838367.87,124013.97,77335.52
5,34,8.392656562045927,16.871445326154205,16.54097938419999,1785342.38,164439.12,8048319.57,127055.07,79438.14
5,35,8.765537879663361,17.13922784957971,17.09738925206511,1761565.63,163751.55,7901656.81,128899.61,81213.75
5,36,8.884112589279871,18.049921601833056,17.634880298179652,1934539.5,186719.09,7991974.7,130386.79,83386.96
5,37,9.128091028645052,18.477125537292366,17.894968116543076,2031272.05,164067.88,8013693.24,133050.35,84264.19
5,38,9.62791653686468,19.263734061721067,18.901610212405192,2151222.93,164589.81,8006864.75,134275.03,84586.13
5,39,9.76895892419614,19.663441758175356,19.168219358936902,2321646.09,170684.48,8096468.56,135256.04,87790.05
5,40,10.311976756839337,19.977239410466062,19.62631664879533,2317907.87,167679.43,8133470.28,138978.09,88221.31
5,41,10.545866475581645,20.53296010901228,20.064180017449992,2514735.11,165836.92,8140136.33,144430.99,90746.51
5,42,10.868958891431582,21.281923465501595,20.795612734697432,2586511.69,186113.46,8222183.26,146824.41,92691.85
5,43,11.122601948290372,21.22587730702251,21.234513096451384,2626437.74,162635.08,8205441.19,148016.41,92908.68
5,44,11.210548552465639,21.866274302999937,21.413946758830463,2796247.42,174100.89,8239142.12,151627.39,94038.95
5,45,11.566106850041649,22.521027072230243,22.065120660614184,2877986.5,165606.18,8293305.77,154475.04,95707.42
5,46,12.135535013497599,23.29181111453179,22.639317630754473,2829774.46,168663.49,8263895.9,154838.66,98392.37
5,47,12.84433063362686,23.826023117496135,23.46305596073423,2989441.31,193533.03,8295041.67,156685.91,100346.49
5,48,12.858195654546662,24.136723931853325,24.0301703926066,3167037.58,167638.91,8416752.09,158556.57,101390.06
5,49,13.243929033401711,24.772111209739688,24.358973450787527,3417914.29,177027.58,8469211.67,161295.61,103281.74
5,50,13.459394080458049,25.095124951190783,24.586796329026043,3488687.88,168087.2,8417558.03,164702.85,104912.04
5,51,13.576259688998967,25.494450359577613,25.092133712477153,3551251.58,184900.02,8514969.69,166603.86,106687.77
5,52,13.9628952522698,25.904267263359614,25.92873036727245,3705511.99,173206.95,8502145.55,169066.35,108193.16
5,53,14.312113057721298,26.593929814775116,26.35300642206295,3959628.84,176413.33,8627956.64,173038.33,111802.04
5,54,14.946966399636974,26.959966113021537,26.74780849926729,3950468.43,177305.18,8607053.94,172840.64,112123.16
5,55,15.802279830999005,27.215413350237906,27.377160826696276,3774183.56,194167.68,8579643.61,173306.2,113765.48
5,56,15.30327184293167,27.7500268162357,27.258473820649716,4345426.55,176485.85,8746907.15,178775.56,117779.02
5,57,16.078658250400093,28.36670969496301,28.271485995510897,4296960.65,195373.55,8772515.22,181804.63,119898.13
5,58,16.631246768277187,29.003509540816687,28.77609474042496,4256051.69,174571.49,8710815.75,181557.25,120684.66
5,59,16.42389312494367,29.28323597155545,29.109529613111214,4547924.74,172449.97,8701122.68,185168.55,121680.11
5,60,17.428993282377782,29.967858766609567,29.75010896163949,4479260.01,173931.67,8791693.03,187637.05,123673.57
5,61,17.312985522033877,30.179263391872443,29.83769422154871,4935800.74,172325.94,8995944.12,190880.77,127650.92
5,62,17.84664563044237,31.153468329102466,30.477285067878032,5076317.01,196120.45,8916670.92,195257.91,128484.92
5,63,17.64144531796829,31.652166541778715,30.989650389353724,5180196.55,178920.56,8901028.42,194549.2,131260.04
5,64,17.828792611434544,31.69234493676043,31.76751093355412,5623976.71,199422.65,8958658.81,198056.06,133178.52
5,65,19.382702437138448,32.45724120003426,32.29704515943663,5252619.63,210377.21,8983727.77,200316.5,134250.84
5,66,18.991786536739827,32.614743400320855,32.845140027496385,5649987.99,180578.84,9079798.99,203352.25,135471.88
5,67,19.76786487083778,33.58273618335713,33.405844734078954,5668571.0,180802.3,9046988.47,204102.72,141134.79
5,68,19.282298969341333,34.09940144374481,33.31336490296333,6276762.65,182892.91,9136663.73,206770.62,143946.67
5,69,20.26673368300881,34.50382917815194,34.30568495545026,5882969.65,181683.92,9190542.36,209822.49,144731.0
5,70,20.22237387899039,34.49841930893978,34.5608171094204,6411851.31,207131.34,9130455.25,213058.21,146854.93
5,71,20.75271599713773,36.004565275992235,35.078451604034555,6400091.24,183009.15,9257240.05,211714.29,149053.12
5,72,21.94984425762942,36.385541482630266,36.034407567064015,6426600.15,204579.97,9222826.36,217631.43,151345.34
5,73,21.66485936123146,36.66521659544691,36.285264937967554,7054927.28,184035.13,9319070.07,224562.71,154966.25
5,74,22.04456032069796,36.86844622422622,37.03358331150132,6980037.2,199992.4,9345083.03,222726.77,154734.74
5,75,22.8005063174654,37.323505170797645,37.28027822036277,6862366.29,185303.64,9386865.94,224894.41,158667.23
5,76,22.525167053189513,38.44892733614759,37.87365811598348,7675747.65,187299.58,9388947.24,231392.72,158248.23
5,77,23.243179169754047,38.575930298918244,37.7350646267071,7277369.06,202274.34,9402134.6,229943.65,163791.32
5,78,23.356377223278077,39.073554052552,38.56108145888225,8094486.78,211662.3,9441515.31,232743.37,168244.92
5,79,23.730795042943633,39.6744875998302,38.76002440564234,7936056.43,187813.5,9485755.14,234195.96,166275.4
5,80,24.192397158619368,40.06778380935625,40.09835085886982,8248939.06,187313.15,9451974.56,238909.01,169988.63
5,81,24.199140891805804,40.50117175125572,40.238292252791815,8976291.19,186104.33,9548409.79,268803.02,172524.27
5,82,24.239423578442302,41.28415147923898,40.8860923938631,8940861.97,189882.01,9540098.5,258449.88,171806.32
5,83,25.512035728245714,41.35029598754018,40.91673723339398,8949591.8,191277.97,9652196.11,258534.85,176856.32
5,84,25.80950181254262,41.855853789138756,41.9442933596579,9113858.24,192175.77,9601927.34,258782.23,177434.33
5,85,26.273626307100027,42.28565025109424,42.00490732257932,9082638.07,193570.84,9695511.67,262896.39,180657.71
5,86,26.387662648022932,43.71855506168429,43.21740873204704,9824071.41,196665.33,9703844.98,266213.02,182545.95
5,87,26.59653176461615,43.339157015516456,43.234910433396706,9724091.78,196067.8,9667596.24,269656.81,188503.25
5,88,27.494149352005913,44.38269637511774,43.632854316009535,1.015482077E7,234621.62,9768604.77,269562.86,187497.4
5,89,27.621342482906474,44.83630108170263,44.04226285523754,1.037355356E7,195570.89,9804685.0,271381.41,190387.33
5,90,27.647403129633968,45.426191040531315,44.90752022563187,1.035240415E7,196143.59,9858709.27,272569.61,192729.75
5,91,29.147838275441323,45.373890156453356,45.122815024403224,1.002903867E7,209374.28,9853501.31,276259.28,196280.41
5,92,28.636213190503113,45.899632226424785,45.38456725704468,1.057414531E7,233431.03,9859509.91,279792.66,201124.81
5,93,29.208963289563734,46.350646118814794,46.00820024086417,1.103031421E7,198552.72,9929917.46,281412.09,201004.97
5,94,29.307810765894434,47.107401111655456,47.28135414691101,1.197602143E7,198831.36,9969889.2,285788.09,204418.65
5,95,30.723768333252,47.495138783652685,47.43710926403297,1.077672739E7,200401.91,9984650.78,285258.92,208179.33
5,96,30.66619601615909,48.619069262285514,47.202064372679445,1.127689003E7,210708.57,1.000231924E7,293349.28,211542.19
5,97,30.994644082209515,48.42409768027815,48.193694466117414,1.193054986E7,221803.42,1.002502146E7,294327.58,210606.41
5,98,31.554227287049372,48.69170267916024,48.74276717579232,1.211681552E7,201742.96,1.011529741E7,294057.06,216417.97
5,99,32.51248869496299,49.035279259832976,49.158925607651234,1.16539861E7,214171.54,1.011904744E7,296734.08,219509.95
5,100,32.475076410048636,50.05451008448749,49.74779248135395,1.204667999E7,232518.26,1.007347979E7,299669.41,221821.33
6,2,0.29186568539801555,1.0682862951840364,0.6723609819227367,92278.96,157206.06,6651627.69,62212.43,41586.98
6,3,0.4419062251375193,1.5055770043682246,1.1925662845654184,110685.39,159414.44,6650163.9,63250.52,42967.54
6,4,0.650709356964734,1.96170680558529,1.7621265235071915,138411.82,161879.42,6863417.67,65767.79,43701.01
6,5,0.730242033161029,2.5143003254294096,2.135659804659905,169013.99,157658.19,6800330.26,67805.17,44025.16
6,6,0.9733590004802813,3.0697528761124238,2.7469076032122484,207475.72,165122.65,6918859.51,71073.5,46193.03
6,7,1.1794713542204855,3.513411368633424,3.1977311742336623,237556.75,163948.66,6907933.41,75115.43,47053.07
6,8,1.306076335976915,4.075697803662421,3.7897613788790414,274282.65,171114.11,7095054.27,77201.61,46924.85
6,9,1.485407544316231,4.462255789401214,4.1907290713908605,322308.94,163032.35,6967387.28,79080.66,48424.35
6,10,1.7204291735916397,4.895277629901538,4.691728468587432,354888.56,179285.78,7103897.33,82231.41,47866.41
6,11,1.8415343697177715,5.504231043180938,5.1601385814508,407489.87,164993.57,7107627.54,84165.29,48744.46
6,12,2.0007758487245915,6.033715648313059,5.8311512546451425,443204.44,162127.85,7118880.32,86684.77,49306.47
6,13,2.153252189106462,6.431140419337848,5.923308165656149,527296.19,170136.87,7191917.79,88687.68,50426.47
6,14,2.521611413527268,7.081613175446568,6.556170246579615,572015.15,164536.0,7233243.17,91436.68,52227.15
6,15,2.643739186337583,7.467711205411125,7.173983801675746,613404.51,164258.32,7288493.54,94329.05,52022.85
6,16,2.870201661445539,7.8863830390183445,7.855942491762062,710507.15,187401.17,7287030.0,97373.66,54146.67
6,17,3.139913515417498,8.364469907718476,8.121496807775832,741513.67,170617.92,7417791.95,99515.98,54552.53
6,18,3.2054528003071248,8.852846113920641,8.34389012294758,855785.05,185107.47,7392049.07,101747.03,56033.27
6,19,3.5195880318476096,9.327722924982266,8.93710363031991,885969.38,167385.88,7521525.36,103220.49,55998.64
6,20,3.8668401570904116,10.059142526859807,9.793331682932491,933834.23,163309.18,7511929.97,105138.38,57035.41
6,21,3.8544588643777704,10.536646558680582,10.23756737407214,1025428.97,165458.25,7631427.21,110387.24,58208.82
6,22,4.1590939375125355,11.165384863264034,10.784650978634616,1126318.82,165433.26,7494308.01,111304.69,60723.53
6,23,4.421213180660456,11.362134743242816,11.273202363152135,1185389.45,185790.83,7604587.99,114148.78,60711.61
6,24,4.49319197972083,11.805154446325544,11.44542625413153,1274089.17,179945.01,7711708.38,116958.7,61362.13
6,25,4.936614296288293,12.191283488393987,12.01920034910387,1382009.47,205076.47,7616417.41,118947.74,63374.96
6,26,5.193929720349054,13.019066301273229,12.704835495939358,1451044.98,167003.53,7758006.55,121077.45,63906.13
6,27,5.272243322964809,13.304651780584637,13.072130096100302,1561040.51,174993.04,7809887.82,123602.64,65645.87
6,28,5.58605400044955,13.984232529517403,13.819776953688136,1610518.53,201969.71,7736832.29,125745.61,66339.82
6,29,5.752674192179383,14.489844045988978,14.308559206319648,1773055.48,169742.85,7910530.18,130786.24,69004.53
6,30,6.1282488786088845,15.110972936555736,14.544119100880323,1866632.51,172640.16,7899050.85,133250.9,68998.24
6,31,6.272484138416239,15.670435514253832,15.312688190530245,1988246.51,174119.58,7941125.36,134193.5,70442.04
6,32,6.589083041965629,15.841970942999348,15.658943987486447,2043414.66,173743.05,8055401.6,137726.13,72070.14
6,33,6.80138738882462,16.241690687417826,16.22275629850732,2191979.53,171182.22,8061558.19,141114.41,78935.02
6,34,7.140436868331095,17.05387980736134,16.86152084705277,2288166.95,209388.46,8074875.55,145179.41,80798.29
6,35,7.320875649792733,17.368014261798677,17.14166166562488,2405739.59,177568.68,8172059.92,148560.86,80344.83
6,36,7.719139693471895,18.334008685801916,17.427302247945885,2453313.21,171514.63,8091609.26,150634.54,82617.54
6,37,7.978630789090776,18.760592744817412,18.29066053638566,2683657.05,174391.38,8475391.04,158190.07,85992.29
6,38,7.969918926412037,19.240179979349772,18.688142338224722,2810290.58,196868.33,8268127.63,156904.05,86151.07
6,39,8.574075333342337,19.743504611722887,19.126702763929476,2782314.08,192646.67,8290927.17,158365.26,87130.7
6,40,8.288079202829417,20.039542064749053,19.564236720047692,3047243.54,180713.45,8364984.59,160653.09,89647.58
6,41,8.560184230202816,20.357404288932315,19.962854425880955,3310860.75,181695.94,8389808.68,164312.03,90975.9
6,42,9.09254698401202,20.786894521429648,20.681541177428834,3433264.98,203868.12,8402819.3,167055.42,91743.71
6,43,9.385775771082862,21.372927356933722,20.991206615002522,3420175.17,197640.78,8453644.46,170557.64,93516.54
6,44,9.71000888719584,22.1235118847388,21.710350223592055,3582979.82,178402.02,8552167.74,172781.49,96201.63
6,45,9.757910098865885,22.412288305253742,22.23015337427511,3973556.05,180057.64,8520282.4,176244.0,96685.34
6,46,9.819396376821176,23.001332485626886,22.40577411973848,4107294.84,181619.33,8519829.39,177714.89,98415.37
6,47,10.63132024897847,23.659996876217846,23.337552569657774,4037670.34,196859.53,8523652.49,179358.99,99645.64
6,48,10.504575153418395,24.218920464455937,23.46533097216141,4329482.14,180351.35,8664812.19,183280.08,102596.24
6,49,11.183543437713205,24.341922410513288,23.99916426738363,4323690.2,183373.71,8699277.67,186028.01,105785.2
6,50,11.4187992955558,24.94283632769884,24.639863959032663,4523148.23,205090.68,8649331.47,187607.97,107504.61
6,51,11.965571698506322,25.73806143140661,25.157380763208426,4751508.09,215337.35,8726706.41,192071.92,109178.95
6,52,11.621032836107508,25.983655684374508,25.356223998351002,5131297.48,182866.9,8819002.85,195655.16,110154.97
6,53,11.971782738169987,26.262129997808785,25.84293968834579,5320421.2,184835.45,8900761.7,196460.59,111313.85
6,54,12.131106069180623,26.729161024236642,26.736894868567312,5313280.51,336242.59,8903707.43,198989.37,112951.0
6,55,12.48952689728806,27.208736860015975,27.023761039564462,5485014.19,189851.54,8891643.45,201160.03,114434.07
6,56,13.076951019020301,28.126311382969302,27.65422736057448,5650900.93,204484.01,8916183.73,205815.36,117028.81
6,57,13.08052694394945,28.50544747494294,28.088828311841517,5794613.53,205800.21,8992873.11,208250.64,119815.12
6,58,13.692744439182233,28.698456815592962,28.578866089606954,6038997.14,187225.93,9053201.86,214379.18,120264.56
6,59,14.028522616877611,29.326412143945912,29.449213160071057,6264090.25,184399.79,9205893.01,214360.8,124359.47
6,60,14.416377895958156,29.897989931831233,29.345449397244497,6409404.06,209116.92,9178182.39,219865.84,131926.1
6,61,14.471078640373019,30.637077753244647,30.52325162120478,6604857.85,192248.3,9188396.92,222310.63,128503.17
6,62,14.44418910305983,30.892969565857516,30.30724306608038,7034717.9,206867.58,9195544.2,227831.06,126796.19
6,63,15.15688836966312,31.41119793558248,31.294954818704365,7037952.7,191724.91,9220632.05,228273.24,132984.92
6,64,15.433713468033998,31.870951869930085,32.0868357712257,7086206.15,195771.17,9238611.89,227102.22,132186.19
6,65,15.455636560853161,32.252514082427375,32.4462251459839,7676762.77,189900.3,9363618.78,231479.72,136172.36
6,66,15.989369614681568,32.971416736238204,32.75792984147194,7722284.95,192547.62,9473382.83,235283.78,139206.73
6,67,16.65888351788279,33.40866122546424,33.40673093696319,7620831.43,215399.59,9363658.43,244606.76,139714.07
6,68,16.92552476535709,34.344988460178065,33.713910834250655,8023464.05,195703.14,9496939.61,252846.12,142094.32
6,69,17.346626555393303,34.8422693673113,34.2478747889553,8277862.16,194365.25,9447734.74,253037.43,145942.16
6,70,17.42897269478713,35.06404524649181,34.753224888613474,8556228.27,212388.69,9520357.13,256307.8,145360.61
6,71,17.35607347299862,35.17635479402557,34.868070499340234,9049299.19,215119.1,9507559.72,258364.78,149653.13
6,72,17.71498349611786,36.080451300936346,35.970434851690555,9199238.09,212927.43,9571260.36,262268.22,152099.4
6,73,18.311327367711893,36.74526873116673,36.44979785698394,9452561.55,195051.29,9615281.84,265970.99,152808.47
6,74,18.39909427688847,36.82630476069618,36.208750022709125,9695704.12,207402.82,9680662.59,269225.05,154976.92
6,75,18.58569332405235,37.71053658485678,37.50832012059086,1.01794117E7,221598.49,9688447.93,275858.6,157084.84
6,76,19.191077178646744,37.95928581961605,37.8402985621277,1.008223239E7,216270.06,9677204.58,276195.38,161381.91
6,77,19.59611449881063,38.22762027894891,37.92116330064587,1.051086352E7,202958.22,9812406.98,278187.24,162715.18
6,78,19.77174993961453,38.76946301462405,37.97449029962637,1.091020605E7,203685.88,9782907.21,281234.05,165971.11
6,79,20.03650225048575,39.55475975686525,39.40820991566764,1.097630346E7,201931.9,9869744.42,284789.11,166516.71
6,80,20.868599903826848,39.9520710258139,39.55165260965984,1.129944595E7,225362.12,9878267.2,286522.16,169105.51
6,81,20.741749959120646,40.7596151000125,40.107703330143345,1.137801284E7,203297.23,9929104.58,289000.81,171533.48
6,82,21.846285333483003,41.07287244400136,40.67842921010772,1.16057193E7,224922.11,9948932.89,293642.4,174339.97
6,83,22.496963203467708,41.60991706869932,41.05107162156654,1.141791557E7,203071.47,9974828.56,295893.15,178117.34
6,84,22.29503842907903,41.909131064076725,41.46674508083758,1.21784697E7,213469.95,9992673.49,298732.69,177518.88
6,85,22.554730394732598,42.639934073854334,42.23431981770166,1.239911381E7,214904.53,1.008102036E7,303538.19,184766.46
6,86,22.584959505724203,42.963639544085474,42.54207580611137,1.298411137E7,202177.47,1.005021517E7,306395.46,181797.32
6,87,22.890135188139638,43.79170875380808,43.60304702741219,1.331301003E7,217877.64,1.008978881E7,307202.71,186068.29
6,88,22.752935903228654,43.630598638236826,43.758124883473236,1.411996856E7,217910.41,1.015318631E7,311409.57,189159.64
6,89,23.481058163344994,44.56651684170798,44.01535272512435,1.400279407E7,203873.04,1.026283809E7,313349.43,190706.61
6,90,24.20862702439807,45.0949860550943,44.53185079696154,1.416919814E7,222874.67,1.021573099E7,316858.77,192050.97
6,91,24.62036943342242,45.6475272129118,45.85976455874573,1.442170507E7,206469.9,1.025961066E7,320026.95,196636.43
6,92,24.245856052689454,45.825469823526454,45.28639842295631,1.547315015E7,220396.03,1.033335332E7,326893.35,199783.02
6,93,24.605975241604504,46.03551828080266,46.04370151531466,1.529234681E7,224044.96,1.032254693E7,324501.82,200066.86
6,94,24.959587999246004,46.57243978973404,46.931232546556615,1.593513477E7,204784.71,1.043347666E7,328373.45,205852.26
6,95,25.44736283799494,47.95175958235901,47.624330270699446,1.616611165E7,235004.21,1.046042713E7,332084.44,204519.57
6,96,25.795211944459275,48.33500935419252,47.56941227909322,1.63508366E7,222496.81,1.048306977E7,335080.22,209662.85
6,97,26.20517550775695,48.09688225686383,48.18043735030571,1.64056668E7,215920.84,1.048045999E7,341577.37,212624.09
6,98,26.75358663624813,49.02757735660043,48.37611402439818,1.690166286E7,225117.89,1.056360197E7,342494.8,216523.47
6,99,27.024176729021374,49.163562832188525,48.92659011635058,1.786756582E7,231934.94,1.059854005E7,343252.42,222874.94
6,100,27.721343691641934,50.19272095040417,49.87557252231584,1.736389404E7,236642.75,1.053337884E7,347280.35,220887.37
7,2,0.2826578272495138,0.9695270548003494,0.6036532769537465,98809.84,173967.21,6661037.27,60507.77,42302.18
7,3,0.34832603821236985,1.4774752214340179,1.078096522450539,132417.25,175369.93,6801843.48,62532.16,42378.12
7,4,0.528954103782834,2.0761525928960807,1.6589225608008151,169304.04,176232.18,6924575.27,67659.24,44019.89
7,5,0.664724458020131,2.4025009545665923,2.0870252380006233,205646.5,176597.0,6838796.54,70055.51,44503.58
7,6,0.7786482728963544,2.970899013604829,2.595608772613415,249310.31,176254.46,7001743.35,73008.02,45086.68
7,7,0.9212099620973169,3.3658982255076793,3.075776513645344,298763.5,173457.05,6870240.09,75832.79,46772.69
7,8,1.1575112410305375,4.004833833699244,3.5645061113276317,336838.14,188146.67,7111533.91,79940.8,47100.97
7,9,1.2872402991417997,4.457816674448769,4.105603842206057,392839.89,179018.69,7032771.35,81660.14,47854.65
7,10,1.5043979575666537,4.9944900032520145,4.475748838562837,462397.99,176675.85,7259696.71,86017.39,48442.01
7,11,1.6623161318935584,5.506245852285693,5.0828852401175775,491103.58,174636.92,7155840.48,88661.19,48809.89
7,12,1.8793835200297866,6.012639710815617,5.781714357057886,573094.5,195493.72,7224189.82,90684.52,50082.89
7,13,1.8773970547676262,6.441911077934987,6.190643944461697,628419.82,176889.83,7205478.28,93249.29,51225.03
7,14,2.130062524219075,6.932697411591189,6.476267450639844,706161.44,173018.79,7301360.6,96846.0,51988.46
7,15,2.269392045224185,7.289905377748186,7.06265149037152,743141.33,177868.18,7321715.32,99329.04,52998.65
7,16,2.412238316374014,7.8552898989405495,7.4968131768255635,839341.24,177654.94,7416546.43,101225.77,53887.99
7,17,2.673954722701259,8.49630824660768,8.130284751580351,908083.03,178076.28,7518808.64,105738.66,54720.38
7,18,2.815436888634069,8.875227066073212,8.581333420693507,970620.6,178337.26,7489818.13,107688.54,55458.76
7,19,3.0002813773716728,9.509441084234368,9.089313829177376,1083506.51,184777.43,7638689.25,112438.2,56848.04
7,20,3.191768541828966,9.976884729665592,9.557409746642486,1161854.03,180749.0,7553958.5,115361.11,58309.87
7,21,3.491962821845363,10.545787326640047,10.024600924255461,1228317.5,196346.64,7693962.38,117365.69,59414.03
7,22,3.5858471651651467,11.15991500729142,10.666793502655267,1397519.66,185471.34,7700013.82,119857.68,60517.4
7,23,3.8624389676143123,11.671651851993547,11.132822873784018,1448447.75,182585.11,7746567.99,122582.54,60864.89
7,24,4.049908043566723,11.835986953808046,11.52572566012044,1546256.13,182907.09,7853274.52,125656.33,63321.3
7,25,4.2661452945366385,12.588879372881186,12.246017552235813,1673437.98,175799.57,7790673.22,128352.93,63506.73
7,26,4.390978558709135,12.970336061825662,12.535802913219221,1795035.8,192207.65,7916323.28,130915.38,64114.17
7,27,4.686099365940894,13.497654658202364,13.282045561633426,1868469.92,195011.74,7979796.81,134102.03,65254.93
7,28,4.85764823037014,13.97440445374949,13.747159121667373,2059171.73,198915.13,8026822.67,137278.98,67558.37
7,29,5.140141891618684,14.369003970062627,14.181065957995122,2120725.14,182697.16,8103828.16,144973.59,68142.52
7,30,5.107927629440832,14.872418470487275,14.607886585687377,2295977.77,181135.67,8033793.72,148360.87,69744.78
7,31,5.502015696334849,15.880650230222598,15.09442930753349,2354540.42,184982.95,8134283.67,150714.33,70627.28
7,32,5.551282610462423,15.96505376210453,15.477679754119317,2590719.59,182652.47,8183908.74,154878.6,72637.71
7,33,5.689511477365133,16.224846977789916,15.941371817248598,2621130.14,193219.27,8234497.81,157985.96,77762.86
7,34,6.146432278773995,17.19125179123078,16.609551136046353,2797649.37,193617.36,8257541.58,158773.15,79372.15
7,35,6.2527837554658285,17.30558964585228,17.40238629623073,2925490.8,185260.64,8372581.46,164457.45,81222.4
7,36,6.678435264015108,18.199232032667936,17.6565538942274,3003803.06,186559.41,8294445.66,165978.61,83142.96
7,37,6.723685361811883,18.3376547806963,18.19605112528421,3274443.36,183133.99,8331807.88,168336.63,84266.85
7,38,6.875367058865679,19.144268414068662,18.542012727380047,3456921.95,185891.05,8450333.26,172365.62,85445.59
7,39,7.283494928610814,19.642873068259235,19.084121557996653,3623585.11,193987.26,8457328.51,175865.27,87725.64
7,40,7.409050704022132,19.967105946229584,19.82412578182056,3802305.03,185775.63,8482063.72,179725.58,89439.17
7,41,7.77325285670951,20.885847124284375,20.42266999371313,4029725.97,209913.38,8565997.68,182332.83,90867.21
7,42,7.747256211315572,21.17443799157297,20.60392671951514,4159796.34,188499.4,8575147.39,185920.65,93116.5
7,43,8.108974953332961,21.61386680060692,20.955165325850587,4309199.69,189462.34,8663491.89,188693.18,93983.83
7,44,8.317859157577226,22.469201455457302,21.38022038238495,4486978.48,191026.17,8766444.73,192416.57,95920.14
7,45,8.673812660551624,22.53006563724002,22.106728719578385,4581572.79,194839.5,8790090.84,194901.09,97422.62
7,46,8.720908174767006,22.97114749880715,22.836806800265176,4841791.74,218703.13,8915320.22,201593.22,99255.45
7,47,8.95071288061639,23.500700291471926,22.939896538906098,5307648.96,199067.57,8878195.75,202447.64,100312.41
7,48,9.418083246580236,24.352234584086524,23.584794482024236,5233483.11,192626.67,8861579.2,204472.56,102719.11
7,49,9.597556672528818,24.357550950478977,24.132192781971508,5476099.89,210672.21,8956549.87,207570.66,105085.4
7,50,9.65764901056278,25.088725166255728,24.356626317381114,5731253.63,194647.85,8988307.29,212342.07,106380.28
7,51,9.93280387141777,25.324510164436337,24.92793785770029,6074795.74,208081.81,9020840.96,217525.34,109985.22
7,52,9.628745055260563,25.999740893702263,25.75316453877467,6292691.71,209258.38,9083125.41,217670.08,111529.74
7,53,10.249368432064475,26.304184049034394,25.70806729159741,6460430.04,223486.53,9148256.59,222420.95,112117.31
7,54,10.781994192388275,26.773994824528476,26.202201533969948,6688994.83,211742.37,9140820.82,225876.86,116829.81
7,55,10.970752022034057,27.35474958733042,27.034943467830782,6885262.91,197828.78,9176224.7,228221.65,115025.74
7,56,11.250181783961947,28.116686290168968,27.453234191256314,7031354.62,215569.46,9403999.94,230291.07,117816.19
7,57,11.369113613976115,28.414623542320456,28.10182798469776,7530789.55,210095.32,9315891.46,237090.23,119501.3
7,58,11.33958157744846,29.186936666265638,28.33444229566605,7709931.61,216932.22,9278972.9,245658.73,120079.12
7,59,11.655154361090426,29.566552379465808,29.049942015768156,7930449.84,200955.87,9437942.48,249945.09,123907.87
7,60,12.061344913489808,29.775761933544132,29.129250694499955,8161318.2,202301.03,9450144.89,253318.57,123972.59
7,61,12.363205213747392,30.56686660185107,29.782601002242906,8440147.87,213980.71,9472746.15,252345.34,126553.16
7,62,12.251421483882023,30.93187006538677,30.93956063439518,8761624.6,202973.58,9536371.61,258569.43,129450.55
7,63,12.942657728551213,31.440932965454667,31.021226032298564,8806322.96,232664.97,9514300.86,261892.98,131122.34
7,64,13.42766034054307,31.506619466784556,32.26279843412405,9127149.52,213181.26,9578543.54,265583.58,132699.81
7,65,13.257208768940695,32.23747197217793,32.05682597856337,9722193.25,217019.0,9648678.37,269059.26,136673.58
7,66,14.036001681251468,32.99339150151221,32.663962736621954,9754984.74,205933.25,9632028.26,275387.79,138539.36
7,67,13.687283323494592,33.32473198717271,33.42340903484911,9891320.8,205892.27,9724675.78,277631.66,139423.85
7,68,13.956351133951323,34.194143983392706,33.47608805140413,1.102145962E7,231692.43,9719265.55,281859.42,143635.49
7,69,14.43298957159277,34.60263128422857,34.06755880772628,1.060742645E7,224343.95,9806342.76,283899.38,144587.84
7,70,14.658874832540699,34.959462277104855,34.51058797578643,1.107162021E7,221199.93,9864665.09,288267.4,147229.42
7,71,15.200949621872567,35.281747919640665,34.6157469786578,1.104612341E7,217565.24,9859257.58,292542.05,148937.24
7,72,15.014675456364309,35.76597305931517,35.46849936198255,1.217529747E7,208956.17,9881096.01,297851.65,151357.74
7,73,15.22779949440887,36.34646029143262,35.9715804216846,1.220147113E7,232802.4,9950242.54,302933.47,153868.44
7,74,16.127048627946106,37.26713927502708,36.71506017000962,1.244060133E7,227607.8,9970400.15,304351.92,155039.63
7,75,15.895270184666922,37.38570649583415,36.58176114263891,1.294002813E7,232687.34,1.000524867E7,307566.54,157415.59
7,76,16.529392581775014,37.926176282525624,37.67871291493957,1.301845571E7,219005.16,1.011206403E7,314295.23,159695.97
7,77,16.716147114989553,38.48040325886481,37.822658702468196,1.365834684E7,216467.63,1.012103203E7,315699.3,163978.62
7,78,16.952868394057194,38.62635675840279,38.13627789193138,1.367324942E7,231305.34,1.02461207E7,319572.92,165611.8
7,79,17.52803343749945,39.48001115692665,39.16364989500219,1.377068615E7,224864.23,1.027089199E7,326057.93,168983.81
7,80,17.470285668969947,40.32110040165714,39.65222366571038,1.466764513E7,241082.07,1.028253776E7,325389.61,170521.95
7,81,18.012985111526007,40.903583874231394,40.318090230470574,1.502323322E7,212990.83,1.032922132E7,329434.14,171428.88
7,82,18.337869994227347,41.060247491914254,40.828198064465155,1.532842136E7,235547.81,1.035703355E7,332229.27,174210.51
7,83,18.036255662408212,41.381336389712494,40.55434845062357,1.616875499E7,210952.53,1.033485479E7,336822.29,176703.47
7,84,18.13500495680221,41.796548205083965,41.474821711048925,1.640249273E7,212406.34,1.039794993E7,340169.65,180349.08
7,85,19.0427147749371,42.47190633348678,42.126824294683175,1.644536923E7,241213.01,1.046581109E7,344424.39,181588.28
7,86,19.771797954545505,43.27544440953673,42.35329968028474,1.604776962E7,220587.01,1.04501419E7,347485.72,185279.36
7,87,19.832723759488744,43.12323657918634,42.773472186039754,1.660629047E7,215855.56,1.055021336E7,350293.77,186388.34
7,88,20.034516316487736,44.33611452650561,43.606878698271004,1.7307245E7,231920.76,1.056431066E7,356919.18,190957.52
7,89,20.159363887744238,44.39964787770558,44.310729493409355,1.757062068E7,235105.82,1.060821876E7,362409.69,194199.23
7,90,20.446222731379148,44.78372715833506,44.69684281209541,1.883247724E7,239671.66,1.066055997E7,363352.53,198257.04
7,91,20.588905150504246,44.98696714751037,44.484202177819554,1.880362426E7,216914.4,1.070851945E7,367985.48,195864.36
7,92,21.058427858951333,45.81914219882174,45.925088802179516,1.897999414E7,247808.37,1.086489728E7,367917.43,199148.72
7,93,21.716567657703557,46.5237953268965,46.097556785859794,1.983010552E7,239218.15,1.076720883E7,371864.5,203163.18
7,94,21.598979739321504,46.818250482085595,46.93101567428867,2.014065178E7,246539.88,1.082800909E7,375685.84,206477.85
7,95,22.69166095100451,47.822758821004875,47.45334586987109,2.010808752E7,221127.92,1.094014019E7,377839.39,206456.36
7,96,22.793190728172508,48.08187001743665,47.4557452998591,2.017324888E7,226211.9,1.089029738E7,382872.0,211370.75
7,97,22.36686180585892,48.5967126539232,48.01972356836121,2.21387751E7,224727.79,1.097507413E7,386452.83,218677.02
7,98,22.56634197142072,48.80880928593602,48.53400872311471,2.25760747E7,220822.44,1.100735005E7,390306.49,219833.51
7,99,22.461970341271808,49.60131722277128,49.279396288612816,2.41878069E7,238384.49,1.102320393E7,396298.9,221272.61
7,100,23.180062200095655,50.00844276158383,50.000690939581084,2.307317063E7,264415.32,1.104182281E7,397381.71,223779.56
8,2,0.21148083478445254,0.983067592120777,0.5896036920415338,118108.67,181486.19,6683466.03,61814.05,41658.74
8,3,0.33010443345233836,1.5523581459162379,1.1755430861495737,164126.99,189076.69,6740562.48,65393.0,43142.35
8,4,0.4651154039760999,2.0408859723086326,1.4959489071447205,206744.47,197736.03,6918863.69,68478.82,43782.58
8,5,0.5851559068226185,2.523042964089184,2.1462705265634425,250742.5,184559.19,6828465.87,71814.12,44430.88
8,6,0.7341900469163823,3.264046464679167,2.606302391342084,292084.29,185014.56,7044932.98,75246.82,45467.67
8,7,0.9020429814114873,3.505206579040197,3.1333355735107853,366747.52,183622.56,6924369.53,80221.68,46651.46
8,8,0.9936418737808183,4.150689774198163,3.61357099465438,406303.95,182561.96,7138172.45,82637.59,47325.15
8,9,1.0555243779996242,4.295395679983308,3.904161789215313,473276.34,194994.59,7125533.36,85891.07,47686.21
8,10,1.3449361577394519,5.113884990809031,4.554301644155284,537273.86,214286.29,7232235.87,89930.56,49611.39
8,11,1.4349802263901161,5.421559339397962,5.05423702985231,604747.45,188975.21,7252508.52,92913.47,50124.13
8,12,1.5350079997385018,5.8850505265591355,5.4482908073292835,675564.07,184032.9,7260879.38,95142.73,51028.22
8,13,1.7432692798710285,6.506976702651968,6.086206853039409,754156.48,182056.89,7410739.23,98976.24,51195.71
8,14,1.835046626444232,6.929980832528154,6.573517558410548,829509.4,184749.88,7370798.14,102113.93,51735.53
8,15,2.036396097073989,7.4028765269475425,7.1861498346596875,935238.2,192705.71,7431793.78,106779.64,53115.39
8,16,2.0849650900493506,8.115674208778168,7.851129293417188,1008523.34,197261.44,7449801.46,109792.96,53818.31
8,17,2.233751905271275,8.364487970374157,7.9662570980581995,1126741.15,195054.09,7572877.27,113182.8,55226.39
8,18,2.4723729543681063,8.95239065555652,8.472886178510889,1177719.01,188382.96,7709275.01,115916.42,56083.54
8,19,2.5558626439493106,9.536306443339841,9.175724820965657,1280790.65,187972.27,7694668.12,119373.55,57481.19
8,20,2.838500172370045,9.916406662319357,9.280901703130437,1402792.69,188618.37,7772839.76,122751.95,58500.9
8,21,3.0488841578714556,10.453265493599208,10.170065833415395,1515441.62,198261.78,7789298.29,125680.56,58771.75
8,22,3.1288562112807967,10.907168611836644,10.353945966642696,1605432.93,192395.88,7932246.36,129607.48,60047.63
8,23,3.289793015999876,11.261509129599704,10.989059276277496,1719924.59,193410.69,7842744.27,132884.81,62195.85
8,24,3.4350238165479032,12.159492095715068,11.659803677561952,1888939.69,190428.15,7897463.61,137152.8,62860.83
8,25,3.6533124824338996,12.336703524626934,12.362877640264248,1983825.88,190150.84,8093952.14,141066.21,63521.16
8,26,3.8154098898207947,13.008294082780742,12.785228807368972,2155621.14,188291.06,7971645.66,147366.1,65638.13
8,27,3.9015773154175393,13.600155095283178,12.76139824344313,2322332.54,196801.7,8080684.44,149090.8,65942.82
8,28,4.170326359157766,14.065573180512315,13.374803899301606,2377827.89,191844.78,8192150.69,154080.86,67925.98
8,29,4.385899290124211,14.298639774534303,13.993096447067762,2575488.51,211168.47,8181225.1,157633.67,69698.68
8,30,4.60862456180078,14.800588342449155,14.443578878840949,2635926.55,189521.11,8276331.16,161263.09,69675.48
8,31,4.82886694489228,15.46127171861024,15.426956132203118,2863869.83,196249.79,8302921.14,165361.52,70646.85
8,32,4.941937002124231,15.880951939956583,15.533893041505328,3055762.78,197145.75,8321886.67,168514.06,73401.47
8,33,5.106900745614788,16.1995563113034,16.029363714971243,3167760.42,199654.93,8428430.63,174122.42,79220.92
8,34,5.367815763919241,17.059771626530924,16.327286577922024,3350506.58,191847.47,8467138.29,178723.31,80090.5
8,35,5.485227661662183,17.557502647637765,16.904683502631407,3499846.18,206811.81,8419360.28,180206.41,81997.62
8,36,5.749097356324777,17.752664230271673,17.575286155532805,3767803.91,216289.08,8585773.6,182998.45,83541.01
8,37,5.876836985075366,18.52093982700402,18.052205957202283,3975258.49,212180.37,8548516.06,188687.29,85310.22
8,38,6.105057674210342,18.936920246213937,18.44909521494333,4061499.95,214064.56,8609010.13,191392.46,86357.94
8,39,6.3151282899215015,19.544223542326886,19.14455314263315,4316718.98,207510.47,8615524.52,193497.85,87937.31
8,40,6.4722125645279585,20.147813768380473,19.809271608289485,4565579.54,196328.3,8737195.25,197576.4,89634.03
8,41,6.683917657219499,20.80699712623586,20.374444271678232,4704599.05,215699.69,8791339.59,201529.35,92035.65
8,42,6.7463518035747265,21.355037452961025,20.61700833067921,4777445.26,200916.93,8861152.0,202677.07,92842.07
8,43,7.013767196401617,21.12258083494887,21.028358290780435,5151621.1,197807.68,8922038.55,209079.38,94106.58
8,44,6.928562217844476,22.129790656181953,21.639503813415573,5537916.73,199201.45,8927852.49,211647.7,97490.61
8,45,7.469053913703682,22.726515861429835,22.271509124707077,5619720.65,226171.56,9026245.17,216390.81,97906.76
8,46,7.593308129601444,22.781607315900175,22.80149200309834,5998571.3,220228.14,8978022.93,222177.01,100294.24
8,47,7.922980145985474,23.649785500652953,23.35780525875144,6028002.28,207148.22,8988703.35,223266.76,101724.2
8,48,8.115698981048656,24.132054415101337,23.718143058965406,6356990.05,219247.86,9225527.29,225961.74,105426.62
8,49,8.071688595774317,24.32476913779231,23.969319382525654,6828842.39,213401.32,9181543.74,232233.23,104317.52
8,50,8.476244213137857,24.94202494805641,24.911961632709495,6799712.91,225331.75,9212684.18,237129.25,106340.15
8,51,8.591656068763616,25.3379874260281,25.292502838017427,7163955.22,211903.71,9242289.17,245621.4,107509.27
8,52,8.876610719157888,25.742948568704165,25.79552314746884,7287725.37,205722.98,9398514.44,247388.16,109912.95
8,53,9.15272568837068,26.562601464840576,26.48270454962137,7551923.8,203067.98,9362232.59,249725.15,111169.77
8,54,9.442625139760397,27.176598810517813,26.602462599162987,7925623.83,227655.29,9298525.28,255313.42,114706.11
8,55,9.422718954037084,27.519087472675647,27.056931055904602,8377589.57,212348.82,9511927.23,257056.49,115613.48
8,56,9.86845194196157,28.020631019596312,27.645682281235594,8317785.71,225649.59,9513455.74,261891.3,118059.17
8,57,9.69446500261232,28.31569304581634,27.859613228976485,8927026.14,238468.5,9512620.1,271361.2,118689.84
8,58,10.28467037803639,29.2965945082714,28.76884147153573,9084048.47,208374.9,9569068.52,275233.95,121477.14
8,59,10.410084000339427,29.3834697582744,28.59280815162543,9457384.37,224675.15,9675689.63,279512.32,124223.82
8,60,10.431211459072166,29.717955471910674,29.677991587446304,9786164.5,227984.64,9724957.6,278984.88,126420.54
8,61,10.58486594994796,31.02921449051706,30.53030758381291,1.036199888E7,212077.78,9711467.34,285980.62,129832.15
8,62,10.96312177839605,30.736431246178473,30.897873699165583,1.058503075E7,210985.66,9806889.78,289116.65,128491.71
8,63,11.26114491043763,31.547233479635903,31.06699188661849,1.070148418E7,245116.67,9863890.49,293290.61,131696.22
8,64,11.359222331681838,32.11362301913404,31.615005184112693,1.109336868E7,246679.48,9925902.66,295572.67,133130.45
8,65,11.741943876745916,32.46364823862987,32.0179031903863,1.141116901E7,226099.17,9991783.23,300847.73,136022.21
8,66,11.888787221847185,32.9627683800712,32.4974807374874,1.21058956E7,225328.7,9973417.86,306409.27,139200.18
8,67,11.92252951518514,33.41578742459843,32.839582302123404,1.260599933E7,238859.99,1.006383034E7,311402.45,139929.35
8,68,12.490621991426424,33.817084663956315,33.704939586780185,1.236886212E7,219283.12,1.013081368E7,316517.75,142494.34
8,69,12.847670866011727,34.53276764551628,34.02640691281815,1.274254492E7,238948.29,1.007402738E7,319717.73,144580.1
8,70,13.064371093786324,34.8090797327576,34.38955868004893,1.301598003E7,224160.92,1.016614923E7,325856.28,145529.71
8,71,12.979958925582627,35.38415879075619,35.39760196362216,1.376394708E7,235494.96,1.025494006E7,329089.92,150274.44
8,72,13.183052171170466,36.1859517662222,35.843123735886394,1.399332574E7,238545.09,1.02463494E7,334882.45,150859.52
8,73,13.593886480941261,36.5090495667966,36.032754385894876,1.460056381E7,239222.78,1.031188513E7,339125.96,153103.45
8,74,13.604432165532,37.02809702165329,36.64398440671806,1.531907848E7,223642.37,1.037890703E7,345941.91,156149.58
8,75,14.074383252449685,37.6323400488491,37.04429642240188,1.519142528E7,226387.29,1.031530986E7,345076.46,158266.89
8,76,13.907359545494932,38.047129544816755,37.80826050218635,1.634957072E7,223005.27,1.044017053E7,352850.39,160343.57
8,77,14.580452233829035,38.376879455678896,38.17681406942903,1.631161997E7,277000.29,1.054027327E7,355184.4,165976.77
8,78,15.15134385847926,38.832714427824,38.95358704398492,1.612968974E7,242308.84,1.053651564E7,360824.99,165724.48
8,79,15.014963535982002,39.68497112143515,39.543835385493956,1.691229054E7,246314.27,1.062892263E7,363575.99,167408.44
8,80,15.78855832994756,40.275842292147175,39.36036538290753,1.750685939E7,225403.92,1.0573218E7,370001.02,168750.25
8,81,15.508089704835673,40.329738754219576,40.012152343108916,1.785959014E7,251305.12,1.068882453E7,373049.1,173417.79
8,82,15.537021709788679,41.273835275920526,40.383984524693254,1.889524192E7,248703.74,1.067011437E7,378574.71,173921.55
8,83,16.486460943936756,41.17916414364569,41.5683880438161,1.810869437E7,240136.6,1.077559128E7,379488.73,176695.82
8,84,16.188606703859342,42.15888794173154,41.79607704542095,1.985860043E7,238761.42,1.085636505E7,385431.55,181738.03
8,85,16.31295845691228,42.70811779983997,41.92831104951791,1.992298733E7,247821.18,1.08718538E7,387238.98,180704.89
8,86,16.97168159922457,43.098174569798374,42.3066448477297,2.009659719E7,231465.25,1.087366105E7,393347.11,185241.99
8,87,16.952774222565793,43.289756410061266,42.91233921284811,2.062820795E7,241497.12,1.097810407E7,397626.56,189967.1
8,88,17.053592084350274,44.1583111832352,43.259727586164644,2.164008077E7,253992.41,1.10471886E7,402763.99,188327.27
8,89,17.24731884817982,44.196852293705525,43.94018343952118,2.268509095E7,245661.06,1.099019003E7,404927.8,192697.51
8,90,17.209468727643316,45.3697951160716,44.35361439611487,2.277748358E7,259737.86,1.113919417E7,410043.51,195666.84
8,91,17.222300840334267,45.42273276821369,45.61392499529663,2.387362342E7,247502.97,1.111408155E7,412728.2,198718.96
8,92,17.959945364491055,45.95453014907469,45.82914740708547,2.35300454E7,234009.94,1.116283819E7,419133.64,199674.75
8,93,18.152288357347192,46.56301266058019,46.44749111926363,2.500112621E7,287158.82,1.121052088E7,422691.66,205650.09
8,94,18.356623843010706,46.62955491265731,46.414680455098306,2.550926674E7,277427.76,1.137036514E7,422620.89,205447.32
8,95,18.758109445343276,47.5392957241368,47.40905911430919,2.627590146E7,245690.44,1.14035537E7,426958.51,206643.51
8,96,19.35342525262463,48.28349111414965,47.8048971869523,2.563191474E7,235909.79,1.138423938E7,430493.73,212703.85
8,97,19.418971457234946,48.41988149906577,48.70559135322751,2.717069794E7,236362.02,1.143943057E7,440428.13,218100.22
8,98,19.270965095714296,48.40400837041161,48.78458341264263,2.783708624E7,236566.15,1.149610743E7,438712.3,218448.1
8,99,19.818852567558746,49.65653262861306,49.05643834737535,2.8108404E7,283912.36,1.147281235E7,445450.27,220821.55
8,100,20.052948904001155,50.13577577583929,50.205418793755165,2.89755125E7,260427.15,1.147335329E7,449346.36,224673.62
9,2,0.1774517057027691,0.944494745888631,0.5796696595597988,143226.94,207655.86,6583952.35,62429.53,42208.34
9,3,0.34587168450159855,1.436598863968927,1.1206593332589998,188417.85,199562.22,6836762.54,66546.83,42994.62
9,4,0.43020766332975724,2.0253976549429784,1.6105298913337283,247255.07,209263.45,6901739.76,71077.9,43818.88
9,5,0.5543087759484282,2.5196666969401162,2.098626821380086,296503.73,201250.51,6983111.5,74056.45,44766.39
9,6,0.6201809498163198,2.9833199792448926,2.6503590603701714,363242.62,197517.55,6925208.05,77733.72,45311.29
9,7,0.7920442727245045,3.571422796239295,3.1038390218157423,417226.81,206988.67,7070668.13,83220.83,47009.61
9,8,0.8637810893388073,4.035852089188867,3.6412840307210494,492193.01,202217.38,7049800.57,86598.18,47848.44
9,9,0.9609723017054006,4.484491779587059,4.123951677499993,576665.07,195729.44,7196017.42,91193.8,48411.52
9,10,1.1418038804849326,5.018954778206748,4.657061975668828,644541.89,196854.69,7226531.29,94398.62,49176.63
9,11,1.2402190159618434,5.468987306064982,4.957616660943962,742120.3,217000.6,7361140.69,98957.44,50170.74
9,12,1.3727191359151047,5.973020943349264,5.640787602114373,788480.56,201576.2,7335264.62,101589.34,50978.7
9,13,1.4821666161224465,6.553528167105252,6.0825765564973775,866382.98,199588.54,7495368.31,106673.37,52086.09
9,14,1.595534755901846,6.746213930405861,6.7179685503066935,961859.82,198176.26,7457748.43,108077.16,52266.97
9,15,1.7188550016214073,7.339521519849187,6.9370564346435994,1067379.75,200471.87,7526009.43,113584.66,54081.14
9,16,1.9804177191625307,8.057429113571969,7.6991665507563445,1193669.69,209516.56,7623533.17,116962.19,54860.59
9,17,2.070821574903344,8.509184776209338,8.180915557255911,1299780.98,201658.72,7655209.13,123180.75,55520.77
9,18,2.195962692283952,8.680116687907363,8.409629281689442,1406960.49,196133.01,7724995.24,124093.92,56301.17
9,19,2.34005206187375,9.520874684642433,9.003013090434752,1521665.32,195364.39,7775847.63,128695.58,57987.34
9,20,2.449711195020236,10.122147111824955,9.529145494986436,1644236.26,189477.7,7792203.62,132168.68,58659.56
9,21,2.5414357589236243,10.525464002574525,10.076308284954099,1764380.24,210183.67,7944926.54,136331.18,60817.82
9,22,2.704490909275903,10.91633605457312,10.318813758724923,1890810.18,200059.37,7848495.79,139146.41,61108.76
9,23,2.926686862987464,11.458896959607802,11.077515506685534,1993540.65,199334.06,7998750.72,146329.71,62146.95
9,24,3.015091570169694,12.050218675172669,11.390348871859041,2268659.93,200796.53,8131079.38,152152.23,63625.88
9,25,3.241602606434804,12.401897528892405,12.126678816717815,2357782.0,222150.75,8121439.33,154952.95,63917.98
9,26,3.3225879279640087,12.944826403830348,12.628723857169621,2516754.74,202560.7,8194339.01,158393.01,66657.86
9,27,3.5687738834335136,13.132646505446923,12.99818179035726,2621988.39,210477.41,8286994.11,163165.91,67321.72
9,28,3.7913278703940048,14.026494175013788,13.439084640498395,2793014.67,199950.15,8246874.36,165503.99,67157.08
9,29,3.954110502532254,14.548190940231157,14.043385148512419,2950808.15,202534.88,8304507.84,170745.63,68650.87
9,30,3.991929710150334,15.036851003240047,14.501368592466042,3181690.48,200738.1,8330587.17,176589.56,69693.6
9,31,4.293813753447195,15.373720173557443,15.75435278867737,3256260.21,205282.11,8435868.99,179278.55,71175.33
9,32,4.290406516552273,16.155815707630744,15.737744911572007,3537139.1,202304.46,8472444.55,182912.98,72765.15
9,33,4.393055992856004,16.68555469215643,16.192863300703234,3758782.37,208983.76,8531640.41,187317.21,79891.77
9,34,4.591301903764877,16.83736437535766,16.392032856626436,3979558.31,205473.87,8596021.51,192678.46,80787.82
9,35,4.784577641115211,17.52911978917075,17.12004050962017,3978007.64,227353.35,8653698.2,195560.22,83399.2
9,36,4.947035635264093,17.76089770978634,17.513875626255597,4363416.97,205884.85,8674704.43,200646.64,83464.2
9,37,5.17472491678693,18.406849037201045,18.45422064599999,4563478.23,234518.33,8773394.55,202973.31,84980.05
9,38,5.196157897024255,19.07950229196829,18.765020832158665,4860968.3,206243.2,8895748.71,208912.29,87368.53
9,39,5.402680066113484,19.526273381972977,19.04680332976255,4994856.76,218389.28,8847681.61,212068.61,87569.08
9,40,5.881841066108443,19.885914374055215,19.6405749996592,5196593.4,209427.77,8954561.87,215532.1,90532.2
9,41,5.841032752403948,20.62923103514445,19.978370222332572,5412350.28,206153.4,9027173.08,222112.13,91466.34
9,42,5.934746824704781,21.065142410315058,21.141870228443278,5851527.4,214768.17,9048515.27,226597.81,93986.99
9,43,6.23280766000595,21.72319411607838,20.84273186248599,5864078.24,210198.25,9070965.8,226595.66,94923.16
9,44,6.4284522810465115,22.311873493920995,21.823879147537966,6230286.74,206967.15,9203711.44,230689.35,97017.6
9,45,6.637418994938026,22.456260853265785,21.75786990360566,6522485.31,214077.21,9252763.82,240484.85,98896.94
9,46,6.725294902998318,23.228030699335022,22.439261287158825,6727797.15,219996.77,9258775.83,244916.26,99695.07
9,47,6.9857789397242165,23.561141996914035,23.02123231542914,6796421.02,231699.29,9369950.98,243894.74,100630.96
9,48,6.94260915137251,24.141404046346164,23.780307478581143,7361823.87,210300.02,9334721.76,252726.37,103050.26
9,49,7.287623287522963,24.40316050227375,23.897902816173477,7620173.75,217098.52,9452850.65,258749.73,106219.66
9,50,7.557025980164301,24.836180326519262,24.411348829947933,7908271.4,226870.38,9432958.19,261655.91,107218.23
9,51,7.589332537957567,25.1101434004969,25.260461838987254,8368517.89,215881.58,9512541.59,267397.19,109281.7
9,52,7.868980254351995,25.822210708599176,25.45956433681034,8534893.68,245382.0,9548630.54,270677.64,110772.78
9,53,7.991743721188236,26.50130862010522,25.975596185615768,8993089.89,233806.32,9543909.32,277010.5,110863.05
9,54,8.222035864782008,26.989414143881323,26.18725960688167,9053278.91,223785.66,9648780.59,279163.67,113842.97
9,55,8.385052939966144,27.214139902177966,27.065116093729642,9499698.34,236800.04,9721590.67,287301.86,115308.66
9,56,8.730158861353083,28.397719640750047,27.482691327538333,1.002639315E7,222622.49,9776213.1,290233.47,117893.34
9,57,9.04581455568946,28.58514736630712,28.514602636532373,1.013852948E7,222073.71,9825671.93,296348.78,121384.62
9,58,9.114286743330371,28.986534410383396,28.528166810553817,1.047756492E7,260033.24,9967527.51,301660.58,123026.15
9,59,9.139295699397193,29.862503882054853,28.85017673229629,1.114338891E7,227359.11,9958268.73,307761.69,124147.01
9,60,9.204055395852798,29.820789974258265,29.924941484555987,1.161547784E7,248528.87,9983900.18,312800.63,125441.32
9,61,9.458869999536674,30.366678630247733,29.816530740570748,1.166257103E7,224003.49,1.001208114E7,316637.11,129188.85
9,62,9.920032410361802,30.87883639715619,30.450185105844245,1.204281493E7,227843.07,1.005993699E7,322702.04,131660.52
9,63,10.085124304518734,31.264817709269312,31.253915135063544,1.227874443E7,240698.57,1.017643242E7,324824.77,131179.22
9,64,10.054264178482038,31.99163134619601,31.89426234504886,1.297513969E7,245981.24,1.018361428E7,333035.44,134630.48
9,65,10.319576950223082,32.60813928915546,32.12176264253074,1.334189042E7,232231.13,1.035063797E7,332920.39,137369.6
9,66,10.46250878983093,32.88265391626171,32.509042855489525,1.393027006E7,227920.23,1.030600958E7,339855.26,138188.09
9,67,10.577304651064253,33.26032682255423,32.86148811788024,1.433289694E7,236396.41,1.034729924E7,346708.63,141498.98
9,68,10.870382174036399,33.89689180466164,33.64727760710804,1.486769729E7,229233.45,1.035093852E7,353536.25,142488.39
9,69,10.675263704229362,34.50845518123302,33.92526559629545,1.523421667E7,224870.21,1.039009923E7,361049.43,145560.71
9,70,11.2725420691225,34.81254158570402,34.38863679040814,1.555208534E7,238068.29,1.053736074E7,363950.42,146930.91
9,71,11.70169267633052,35.618532813727995,35.095888708418514,1.57279104E7,230718.04,1.054768527E7,368126.75,150056.09
9,72,11.46118721620898,35.967212767271576,35.517996349198754,1.667877218E7,269750.38,1.05724215E7,371178.05,153375.99
9,73,12.14457701203415,36.52185509453017,36.258873747366195,1.686391937E7,250546.38,1.059305715E7,379288.49,152399.05
9,74,12.251644663758276,36.930308901915076,36.95353202429258,1.748687783E7,250716.23,1.062749422E7,383517.52,156744.62
9,75,12.041547179548196,37.565395136325165,37.008658149302626,1.848904682E7,235335.45,1.07982806E7,387177.55,160181.13
9,76,12.363387768754285,37.99501124230384,37.59832359672385,1.875109489E7,265321.98,1.077161054E7,393809.53,165598.87
9,77,12.370332565993444,38.097931327059065,38.07987005603805,1.957508024E7,239416.98,1.083859998E7,394234.53,166632.4
9,78,12.778585903668889,39.282105939623975,38.54037896579412,2.005394813E7,256258.98,1.09119411E7,398478.65,166104.11
9,79,13.008399576643223,39.47463526327867,38.93652918790746,2.013373005E7,258808.5,1.095485083E7,404119.32,167749.78
9,80,13.673171920541774,40.21638983670428,39.54434951474936,2.033070274E7,230231.96,1.109432749E7,409965.84,169192.46
9,81,13.486974817212895,40.68202439647981,40.13297095309018,2.160181694E7,262672.32,1.101825261E7,413659.3,171520.35
9,82,13.489315392745016,40.951569439534836,40.39716905691171,2.197251019E7,273077.85,1.107796668E7,419086.61,174453.68
9,83,14.206160042004138,41.33004413364779,41.0101990573302,2.209205917E7,240925.11,1.124623317E7,424073.23,181867.5
9,84,13.853904183417177,42.008063242933794,41.769737330007445,2.332701475E7,239158.43,1.125251926E7,427796.63,181111.18
9,85,14.42162889538825,42.2824729112283,41.44659865296083,2.305342699E7,254787.77,1.130025104E7,432679.23,188460.57
9,86,14.573542674782729,43.081303491061234,42.31808353804908,2.435964143E7,251934.81,1.139273787E7,434589.6,187241.66
9,87,14.596024835222742,43.78446224981527,42.70811213497961,2.516822391E7,282780.86,1.143274758E7,443947.09,187455.65
9,88,14.976762146008605,44.379756390598224,43.82458050294817,2.562532173E7,276880.99,1.14006157E7,445449.26,192651.75
9,89,15.154169106597697,44.21495890228802,44.20300501256507,2.625028641E7,247975.43,1.150059436E7,448302.87,193384.52
9,90,15.524982813802753,44.75529809837994,44.84461608219996,2.681221607E7,256540.59,1.150053378E7,454077.79,199628.14
9,91,16.219948477795523,46.104126909922755,45.357769742155206,2.699938306E7,253528.18,1.16307239E7,460316.99,201558.37
9,92,16.025677814091242,45.82693506975063,45.62824820465607,2.787824154E7,264372.73,1.167120794E7,465873.13,202568.93
9,93,15.981573481388825,46.971278552391475,46.29466903078174,2.844631527E7,286472.73,1.173544916E7,466332.7,203736.04
9,94,16.058883941893388,46.705759096318324,47.10152135349978,2.998001638E7,269351.5,1.172873125E7,477080.38,207154.62
9,95,16.530178599710055,47.4011116594198,47.25071775349164,3.017382904E7,256794.8,1.183441846E7,476825.33,208703.43
9,96,16.533726500345846,48.15509655340018,47.56950480850538,3.100507533E7,273505.64,1.185361058E7,484820.26,215372.11
9,97,17.172872709074657,49.077216213902744,48.28240983751,3.191063161E7,247008.03,1.191887809E7,485610.53,215187.4
9,98,17.371870970583814,48.60699845740274,49.01381858350109,3.133878409E7,245894.04,1.199287955E7,492982.1,220272.21
9,99,17.07185603567036,49.40498530359517,49.31568632292705,3.35385311E7,248289.53,1.206453973E7,492881.2,223448.26
9,100,18.083110971471577,49.42981365782686,49.61228103576144,3.30795434E7,256454.88,1.205058367E7,498875.45,223571.7
10,2,0.19040034045958806,0.9921279299775994,0.6009839578172889,161331.79,221394.08,6732640.0,63950.53,42294.46
10,3,0.2730888040884829,1.5616869059073546,1.027018088869941,223573.44,210581.73,6877733.88,68940.18,43000.13
10,4,0.3443885123110329,2.0034625366582404,1.4918606739079643,297963.98,211870.27,6921107.9,72412.19,44390.26
10,5,0.44126273558295215,2.472256118097068,2.0653412600159324,354183.17,205010.14,6987956.45,76820.96,44851.76
10,6,0.6192769374068396,3.0695647531540664,2.632551517189073,411984.67,200755.0,7025184.47,80359.34,45577.9
10,7,0.6673730787663993,3.3588324115901065,2.9223734130117407,492513.54,213694.2,7109172.33,86317.49,47315.71
10,8,0.7729557730380394,3.9982240189429104,3.5399258452782267,575633.95,206461.9,7116323.32,92673.59,48026.32
10,9,0.8904651702517806,4.548961794977982,4.3261663401917625,669686.48,204707.42,7295567.04,95082.09,49944.46
10,10,0.9865442641269146,5.01307453950939,4.585704869052215,726612.91,204380.62,7214013.78,98049.72,49608.04
10,11,1.0921453876051221,5.459254188442261,5.112269628775837,836542.05,201710.4,7527290.76,101842.84,50553.69
10,12,1.283300432438411,6.158901141385713,5.5140981334218475,932973.51,199925.7,7454918.15,107981.77,51629.87
10,13,1.3397749859017463,6.468523240504096,5.867276046439963,1052881.95,206107.61,7537661.01,110756.6,52822.67
10,14,1.446108866095688,7.080522154725279,6.675374254591629,1116784.51,206182.37,7546514.63,116120.66,53159.26
10,15,1.5189243957649914,7.635488579965601,7.115747629769571,1278109.66,203331.4,7642870.61,120291.99,54065.64
10,16,1.732076235908435,7.8753448372943184,7.478420803928759,1364369.48,208520.21,7710703.76,123472.84,55340.97
10,17,1.8456232022373324,8.2621876484886,8.026273062754207,1514075.57,228799.78,7724069.03,128488.35,56326.06
10,18,1.988147832988049,8.784178746330348,8.315570447688968,1590925.0,203807.81,7875942.07,132354.71,57101.62
10,19,2.0767950098177046,9.521387435908071,9.108142686380555,1739618.3,204936.71,7915573.31,137205.54,58943.87
10,20,2.245791653692175,10.173807522634357,9.35999091125606,1824036.04,208912.77,7941984.92,143222.85,58791.79
10,21,2.4209310679618157,10.588532033481412,10.135484700559973,2104566.67,224070.89,8318349.45,151605.59,61613.14
10,22,2.443882972130552,10.900500620940948,10.538948767069868,2132541.46,218256.13,8074954.58,152838.67,62367.06
10,23,2.646931181023211,11.683321672978561,11.440311776918927,2359146.5,208506.18,8134926.4,157009.41,62644.33
10,24,2.754281108723137,11.717034550426298,11.389963607542409,2513107.73,210813.4,8266926.06,160372.22,63518.04
10,25,2.845698631521509,12.563727887794933,12.088796920940617,2651775.72,201797.95,8244015.87,164843.69,65629.38
10,26,3.075650731255518,12.800941014019651,12.655380904542637,2818617.83,210109.76,8252606.61,170831.11,65333.99
10,27,3.0796803101986723,13.370879088566758,13.025706703646653,3059451.62,210541.38,8351145.84,174427.35,67377.69
10,28,3.356768436392474,14.03243009789303,13.71677817223434,3225670.95,213820.02,8342975.82,178693.08,69344.18
10,29,3.3580862840628667,14.174241473324962,13.76590279874445,3414753.91,230540.18,8460598.7,183943.52,69703.03
10,30,3.6570777517093465,15.0901220253976,14.566433713345887,3592951.21,212752.43,8503663.81,188169.82,70409.47
10,31,3.678200365160618,15.524580215532847,14.960797699567754,3835849.95,215872.05,8678721.43,194637.87,72566.23
10,32,3.936505192393381,16.236178174955985,15.524497602479038,4082210.49,212452.15,8595960.21,199701.06,73700.29
10,33,3.8970642511029245,16.58510888536516,15.904203238762973,4281376.89,209574.63,8709917.44,202034.49,80074.75
10,34,4.178768911750241,17.02594018549512,16.478482325295573,4502569.91,210562.74,8727786.17,206962.68,81282.59
10,35,4.383126790453294,17.765746602136332,17.144262278783604,4619034.64,212545.08,8852261.48,211882.78,83889.17
10,36,4.624327815655825,17.958695917014573,17.380286395434435,4862673.62,210705.7,8847816.09,214908.07,84520.11
10,37,4.698211056939913,18.391711699931104,18.19178603569398,5203741.14,233424.56,8897518.0,219692.31,86268.2
10,38,4.873267904060548,19.048539506911574,18.6440582352993,5383063.13,240054.81,8976279.71,225326.28,87485.19
10,39,4.885673438415244,19.668359121308384,19.085154376964763,5726179.02,219951.9,9046189.54,230712.4,89808.21
10,40,5.112434675392039,20.14029987492519,19.542874191777276,6022252.65,222104.11,9218652.56,235273.74,92158.64
10,41,5.264671488605773,20.638271098071993,20.276996302237805,6286040.69,219120.76,9190539.5,241064.57,92061.93
10,42,5.447770222145795,20.965009062740368,20.53700552363543,6516645.87,222159.83,9220301.12,247629.36,94092.5
10,43,5.610952342325476,21.473956031219927,21.35583086486424,6652679.3,218572.61,9369707.9,248046.97,94906.97
10,44,5.691699979156789,22.033020431360946,21.88254235149285,7012413.74,247115.97,9249642.91,257691.13,95473.58
10,45,5.778190965271766,22.45572109996871,22.087836908825192,7367071.4,218936.4,9415807.86,260138.2,98638.76
10,46,5.911749097175341,22.79938132921552,22.77136225200789,7770504.25,224477.12,9412688.54,265566.57,101403.76
10,47,6.187955939048738,23.59198430405668,23.06685448549475,7953636.97,243427.63,9510329.92,271166.39,103488.5
10,48,6.230044890287143,24.021712909330564,23.399373010160474,8489699.91,229843.4,9527805.0,276220.12,103932.56
10,49,6.67858914214826,24.44140764618068,24.142548516698263,8346739.15,242074.97,9648920.1,281231.29,107944.32
10,50,6.632773119107339,24.760234061884926,24.669292084471714,8981640.44,232150.79,9683564.87,286583.37,107181.15
10,51,6.707976200283879,25.24349306962194,24.88072832490981,9626118.28,231056.01,9772934.99,292085.1,110349.62
10,52,7.094053239826734,25.816385502495947,25.30493157260889,9706874.08,245845.71,9814394.44,298263.82,110863.62
10,53,7.1132394849630876,26.19702431409904,26.063220261359614,1.0114818E7,231879.32,9899634.16,300622.02,114709.05
10,54,7.3962361878199285,27.109255056447438,26.19154724415674,1.036446811E7,241176.6,9909640.67,309386.27,115451.9
10,55,7.525895256228701,27.674030708148052,27.344237876885792,1.090315008E7,251707.82,9968745.27,311605.87,117427.09
10,56,7.603418621543272,28.164591243013792,27.66679994860407,1.132302662E7,228734.67,1.008212442E7,315009.68,118052.63
10,57,7.707922734753876,28.363121578936912,27.966742840193756,1.164806937E7,247325.74,1.016888851E7,327465.22,120405.93
10,58,7.968433808797393,29.225937316182236,28.559130963008155,1.218053265E7,228629.47,1.01459569E7,330495.4,122511.85
10,59,8.09805840609675,28.852255587428512,28.95143678745063,1.248852949E7,232374.12,1.024862514E7,334769.18,123631.09
10,60,8.30357202103991,29.988971013293675,29.706633153401174,1.253820163E7,250119.74,1.026077014E7,338866.67,124946.99
10,61,8.483159832623183,30.396024841437974,30.04661803231443,1.365433935E7,249242.23,1.031739447E7,348574.39,127578.49
10,62,8.743735912705128,30.898020039306072,30.386066891322294,1.385995606E7,238830.52,1.037331453E7,353982.88,132501.44
10,63,8.904355520392924,31.617680729507853,31.097148119380307,1.414503218E7,272202.77,1.041780983E7,358904.67,132527.29
10,64,8.989578010940745,31.807575573472917,31.80867948556746,1.497552197E7,262539.53,1.047884656E7,366761.44,134514.93
10,65,9.078558293417755,32.46737570996531,32.44398468275016,1.548402515E7,275929.45,1.053101546E7,369601.46,137089.63
10,66,9.319767863422959,33.40752545279758,32.30979576398908,1.579524141E7,250415.13,1.062327587E7,375849.27,139839.11
10,67,9.503751176268029,33.4132225511669,33.37392663555007,1.646608739E7,242081.6,1.061711851E7,378726.8,142705.17
10,68,9.772084019404671,33.76612336069427,33.76501829751177,1.677511588E7,240953.71,1.071917809E7,390051.69,144060.87
10,69,10.084948405354966,34.46401795319114,34.358624268397385,1.70040108E7,266505.32,1.081792491E7,392138.68,145337.13
10,70,9.734286393615513,35.08668775701485,34.54810159091648,1.780255629E7,242196.63,1.084496061E7,401983.6,147798.48
10,71,9.930595645605042,35.35522630955986,35.39734615051958,1.819910396E7,251600.39,1.087163233E7,407294.82,151901.64
10,72,10.515582461180955,36.546197327135694,36.222043032999466,1.865191274E7,239533.97,1.091132124E7,408502.69,151162.56
10,73,10.534493474938948,36.40028154592387,35.95236147429441,1.96453002E7,273631.35,1.091973617E7,412191.39,153974.38
10,74,10.519225443870834,37.552940088121744,36.49686852090161,2.042223655E7,277729.41,1.096924389E7,423160.64,160236.71
10,75,11.113308105524435,37.61775704989193,37.14380445455,2.022929479E7,245815.51,1.123958484E7,423812.89,157505.97
10,76,10.960364615851566,38.40914724419766,37.47522314805688,2.122673058E7,271578.77,1.120233301E7,427630.19,162609.92
10,77,11.290800091894317,38.4025397480876,37.837970997246856,2.184370943E7,260496.76,1.118558472E7,431129.44,165228.62
10,78,11.917470500010907,39.07780886037706,38.886510690129086,2.178170528E7,283449.1,1.128917017E7,436872.32,166101.42
10,79,11.43950833836463,39.67221399754207,39.31500311298552,2.308653151E7,248717.77,1.133673527E7,444404.12,168181.26
10,80,12.00852083190608,40.124294952280195,39.278506313638424,2.324157613E7,263390.33,1.143256646E7,448315.59,172334.7
10,81,12.278377031068414,40.33633175521692,40.05728820027165,2.417374411E7,279047.63,1.145763613E7,454261.47,172645.43
10,82,12.097867411549647,40.79170845323825,40.76311096411881,2.513681009E7,259996.24,1.15188624E7,460649.84,178535.85
10,83,12.574515954669625,41.656808032779196,41.11144070468364,2.498878433E7,246542.34,1.154642982E7,465206.48,178571.16
10,84,12.628827394897078,42.50856189627536,41.60854332168751,2.616503995E7,256411.48,1.167496046E7,470351.11,181718.74
10,85,12.85088789159471,42.34454756107187,42.329063539086206,2.701185919E7,248226.4,1.169183832E7,475505.49,183062.45
10,86,12.92058587896865,42.74296737196829,42.659724208739036,2.725970916E7,252738.77,1.173403066E7,483010.44,184188.74
10,87,13.230298920092944,43.379474726167864,42.811241194650435,2.758778282E7,253827.3,1.186569911E7,486011.36,188384.13
10,88,13.476025859041066,43.7256027275075,43.30889480768083,2.871529645E7,252858.45,1.193732189E7,490786.4,189856.78
10,89,13.633426197155819,44.25155078959087,44.18726777676918,2.965461755E7,251123.54,1.202238515E7,494632.42,192419.19
10,90,13.856569306908444,44.53868974677204,44.53442685479558,3.042962313E7,272837.76,1.183814257E7,497750.96,201483.93
10,91,14.052032160902641,45.42621054520484,44.59843304190739,3.103612991E7,255792.92,1.21385099E7,505224.76,199128.43
10,92,14.047321895008688,46.252461359937406,45.29891132627667,3.187505227E7,274842.11,1.207066555E7,507290.53,202921.45
10,93,14.21994925562381,46.50816436459936,45.45910555093048,3.293675198E7,269204.86,1.216446216E7,517520.92,206669.11
10,94,14.69106602437182,47.380240063771446,46.58619789883574,3.40079787E7,270058.7,1.231400597E7,519752.44,207157.18
10,95,14.787406256912544,47.43895141632779,47.133656268758635,3.427177884E7,270011.85,1.223746088E7,525464.49,209670.45
10,96,14.835974365135884,47.99741550876443,47.61239370293499,3.490662379E7,277234.48,1.230537815E7,530841.84,216304.08
10,97,15.425411108293622,47.86112699546499,47.97482157647063,3.493412502E7,251260.22,1.245305433E7,532883.4,217451.53
10,98,15.07323078964447,48.85204707384143,48.51264952338397,3.746274171E7,261027.81,1.248018398E7,537654.09,222465.59
10,99,15.537060943775879,49.62210180363855,49.02413911997314,3.745727425E7,263089.43,1.250323004E7,543884.88,223326.14
10,100,15.833687152851754,49.81122920014409,49.15765362269456,3.861927063E7,260991.26,1.255616137E7,547632.23,224028.9
