n,minSwapSolverflowtime,openSwapSolverflowtime,meanSwapSolverflowtime,closedSwapSolverflowtime,maxSwapSolverflowtime,minDistributedSwapSolverflowtime,openDistributedSwapSolverflowtime,meanDistributedSwapSolverflowtime,closedDistributedSwapSolverflowtime,maxDistributedSwapSolverflowtime,minLpSolverflowtime,openLpSolverflowtime,meanLpSolverflowtime,closedLpSolverflowtime,maxLpSolverflowtime,minSwapSolverTime,openSwapSolverTime,meanSwapSolverTime,closedswapSolverTime,maxSwapSolverTime,minDistributedSwapSolverTime,openDistributedSwapSolverTime,meanDistributedSwapSolverTime,closedDistributedSwapSolverTime,maxDistributedSwapSolverTime,minLpSolverTime,openLpSolverTime,meanLpSolverTime,closedLpSolverTime,maxLpSolverTime,swap4swap,nbPropose4swap,nbCounterPropose4swap,nbAccept4swap,nbReject4swap,nbWithdraw4swap,nbConfirmGift4swap,nbConfirmSwap4swap,nbInform4swap
2,256.0,466.0,881.0,1238.0,1554.0,256.0,545.0,1182.0,1397.0,1554.0,256.0,466.0,787.0,1033.0,1238.0,261906.0,476613.0,797477.0,1180274.0,7107876.0,1639458.0,2635349.0,4147622.0,3.0316923E7,3.9389874E7,119326.0,193877.0,261513.0,430990.0,1.6321654E7,0.25,1.45,0.0,0.0,1.45,0.0,0.0,0.0,0.0
4,648.0,1146.0,1369.0,1717.0,2216.0,890.0,1732.0,2096.0,2279.0,3021.0,507.0,895.0,1153.0,1333.0,1646.0,444123.0,797994.0,1196711.0,1496421.0,5.5059382E7,1500058.0,2635161.0,5127574.0,2.8303594E7,3.7239138E7,104315.0,345282.0,459179.0,603807.0,1636853.0,1.25,7.05,0.0,0.0,7.05,0.0,0.0,0.0,0.0
6,450.0,1519.0,1697.0,2215.0,2824.0,2028.0,2725.0,3138.0,3528.0,3809.0,450.0,1074.0,1250.0,1618.0,2195.0,941520.0,1388732.0,1671133.0,2102875.0,3486931.0,2436353.0,3471426.0,2.5368741E7,3.1663295E7,5.5911064E7,132333.0,451916.0,604223.0,734126.0,1121725.0,1.85,19.4,0.0,0.0,19.4,0.0,0.0,0.0,0.0
8,930.0,1389.0,1832.0,2178.0,2394.0,1886.0,3332.0,3947.0,4328.0,6201.0,618.0,1026.0,1234.0,1464.0,2146.0,1195590.0,2095240.0,2216309.0,2714968.0,3629252.0,1992028.0,2.2087359E7,2.448124E7,3.4315933E7,8.3478953E7,372306.0,485605.0,640105.0,822853.0,924562.0,3.8,32.75,0.0,0.0,32.75,0.0,0.0,0.0,0.0
10,1474.0,1728.0,2266.0,2469.0,2696.0,4421.0,4661.0,4934.0,5798.0,7025.0,803.0,1200.0,1447.0,1606.0,1701.0,2123725.0,2783894.0,3111968.0,3633655.0,4311050.0,2862751.0,2.5211212E7,5.3692613E7,5.5074976E7,9.2187128E7,169883.0,512946.0,678142.0,790736.0,1137925.0,4.45,56.6,0.0,0.0,56.6,0.0,0.0,0.0,0.0
12,1655.0,1998.0,2361.0,2710.0,3708.0,3973.0,5186.0,5821.0,7090.0,7784.0,544.0,1163.0,1477.0,1729.0,1946.0,2972027.0,3719675.0,4025916.0,4127162.0,4976295.0,2.9724686E7,3.224228E7,5.4607985E7,8.1844579E7,9.0069322E7,515226.0,799126.0,850087.0,991997.0,1120655.0,5.8,79.75,0.0,0.0,79.75,0.0,0.0,0.0,0.0
14,1091.0,2052.0,2207.0,2486.0,3120.0,4701.0,6505.0,7217.0,7552.0,9373.0,743.0,1077.0,1411.0,1618.0,1745.0,3063686.0,4697201.0,5614723.0,6036148.0,9131921.0,4844018.0,2.9683369E7,5.7890818E7,8.939507E7,1.19120036E8,373560.0,852276.0,1105474.0,1272736.0,1718150.0,8.15,106.7,0.0,0.0,106.7,0.0,0.0,0.0,0.0
16,1847.0,2354.0,2694.0,2862.0,3625.0,5801.0,7397.0,8172.0,9260.0,10123.0,1139.0,1415.0,1540.0,1644.0,1814.0,3359549.0,6184280.0,6575362.0,6920301.0,9220709.0,9114339.0,5.5394089E7,6.0303219E7,8.6641981E7,1.21090837E8,343975.0,811547.0,893985.0,1003293.0,1833158.0,8.4,144.65,0.0,0.0,144.65,0.0,0.0,0.0,0.0
18,2058.0,2309.0,2520.0,2778.0,4053.0,6849.0,8268.0,9037.0,9349.0,10771.0,827.0,1343.0,1492.0,1622.0,2070.0,5537295.0,7318520.0,8225528.0,9147842.0,1.065471E7,2.4792388E7,5.2300687E7,6.2695773E7,1.12389857E8,1.16119555E8,479564.0,833837.0,915595.0,1260146.0,1431262.0,11.1,176.65,0.0,0.0,176.65,0.0,0.0,0.0,0.0
20,1299.0,2251.0,2483.0,3138.0,3479.0,6646.0,8928.0,10067.0,11071.0,12347.0,697.0,1316.0,1543.0,1647.0,1759.0,6192216.0,8533901.0,9175187.0,9926129.0,1.0488569E7,3.1456801E7,8.2910906E7,9.3068813E7,1.22074788E8,1.81520531E8,500551.0,892927.0,1149799.0,1352163.0,1628328.0,12.9,230.2,0.0,0.0,230.2,0.0,0.0,0.0,0.0
22,2394.0,2485.0,2968.0,3578.0,4047.0,8044.0,10530.0,11656.0,12858.0,13545.0,1017.0,1380.0,1529.0,1765.0,2373.0,6283998.0,9080118.0,9468824.0,1.0024411E7,1.2968458E7,6.0369615E7,8.9160632E7,1.17058526E8,1.51045581E8,1.79570247E8,365115.0,1140295.0,1266488.0,1622758.0,2035780.0,13.25,282.45,0.0,0.0,282.45,0.0,0.0,0.0,0.0
24,2104.0,2882.0,3201.0,3582.0,4397.0,9333.0,11170.0,12093.0,13467.0,16052.0,1110.0,1389.0,1627.0,1743.0,1989.0,7257391.0,1.0477701E7,1.1001522E7,1.1337033E7,1.3920523E7,5.8108976E7,9.3318623E7,1.18620574E8,1.48382334E8,1.79351875E8,771877.0,1003557.0,1637701.0,2015869.0,5978033.0,15.3,344.5,0.0,0.0,344.5,0.0,0.0,0.0,0.0
26,2282.0,2710.0,3307.0,3530.0,4062.0,10572.0,11857.0,12627.0,14711.0,15123.0,1186.0,1314.0,1361.0,1725.0,2334.0,1.1065168E7,1.1629467E7,1.2551845E7,1.3202175E7,1.5244864E7,3.5028991E7,8.6669056E7,1.19504826E8,1.5235115E8,2.09095227E8,710737.0,1091295.0,1571112.0,1963362.0,2243568.0,17.25,380.85,0.0,0.0,380.85,0.0,0.0,0.0,0.0
28,2026.0,2842.0,3365.0,3500.0,4019.0,11494.0,13014.0,13854.0,15245.0,17089.0,1109.0,1383.0,1520.0,1683.0,1943.0,1.1588145E7,1.3636923E7,1.413658E7,1.4682008E7,1.9616972E7,6.2410012E7,9.3290247E7,1.48729607E8,1.51288645E8,2.11641466E8,726638.0,1144632.0,1395314.0,1682284.0,2534068.0,18.45,456.3,0.0,0.0,456.3,0.0,0.0,0.0,0.0
30,2323.0,3009.0,3147.0,3560.0,4000.0,12178.0,14332.0,14736.0,16608.0,17129.0,1245.0,1380.0,1548.0,1705.0,1881.0,1.4479484E7,1.5687898E7,1.6074199E7,1.7322196E7,2.1861744E7,5.6553993E7,1.14552174E8,1.4623314E8,1.52921051E8,2.16237723E8,1066422.0,1670085.0,1793869.0,1955976.0,2707635.0,20.7,506.3,0.0,0.0,506.3,0.0,0.0,0.0,0.0
32,2800.0,3312.0,3611.0,3794.0,4588.0,14969.0,15884.0,16722.0,17693.0,19919.0,1093.0,1351.0,1433.0,1605.0,1982.0,1.5948272E7,1.7610133E7,1.8995254E7,2.0615156E7,2.6075356E7,1.23297254E8,1.51310112E8,1.53183378E8,2.07500535E8,2.13321058E8,1543713.0,1629444.0,1782840.0,2161994.0,2564249.0,21.25,618.1,0.0,0.0,618.1,0.0,0.0,0.0,0.0
34,2365.0,3116.0,3432.0,3813.0,5117.0,12610.0,15593.0,16859.0,18386.0,20639.0,1161.0,1426.0,1545.0,1735.0,1888.0,1.914333E7,2.0564195E7,2.177744E7,2.3180108E7,4.1370315E7,6.5356225E7,1.19074375E8,1.49840382E8,1.83442709E8,2.1090019E8,1283827.0,1576890.0,2195966.0,2318297.0,5009278.0,22.3,647.45,0.0,0.0,647.45,0.0,0.0,0.0,0.0
36,2033.0,2795.0,3569.0,3956.0,4469.0,15658.0,17078.0,17920.0,19064.0,20124.0,1044.0,1344.0,1523.0,1632.0,1914.0,2.3421295E7,2.4750115E7,2.7874861E7,2.858094E7,3.5746145E7,1.04519417E8,1.56466699E8,1.80198187E8,2.04586381E8,2.67688567E8,1465146.0,1756332.0,2081106.0,2466953.0,4340972.0,26.65,745.15,0.0,0.0,745.15,0.0,0.0,0.0,0.0
38,2722.0,3258.0,3611.0,4021.0,4773.0,15168.0,18468.0,19433.0,19800.0,22480.0,1105.0,1381.0,1529.0,1681.0,1998.0,2.8064532E7,2.969605E7,3.1691244E7,3.3531205E7,3.7634124E7,9.0141828E7,1.52116737E8,2.07116662E8,2.15790339E8,2.82122574E8,1532465.0,2276133.0,2517127.0,2981098.0,7872173.0,28.4,835.4,0.0,0.0,835.4,0.0,0.0,0.0,0.0
40,2965.0,3508.0,3676.0,4250.0,4656.0,16350.0,18599.0,19315.0,20371.0,23328.0,1277.0,1403.0,1497.0,1623.0,1870.0,3.1135474E7,3.428002E7,3.888464E7,4.1700611E7,5.5113802E7,1.24232008E8,1.62095644E8,1.82351566E8,1.96901459E8,2.7158437E8,1913016.0,2128235.0,2285149.0,2986721.0,3728504.0,28.5,892.1,0.0,0.0,892.1,0.0,0.0,0.0,0.0
42,2820.0,3214.0,3588.0,3925.0,4814.0,18622.0,20031.0,21861.0,22701.0,26692.0,1290.0,1380.0,1438.0,1774.0,1971.0,3.6766176E7,3.9860701E7,4.3402992E7,4.6034002E7,6.0815789E7,1.82293884E8,1.98032247E8,2.13995424E8,2.40946371E8,2.8322538E8,1874287.0,2909497.0,3139858.0,3545038.0,7871386.0,32.45,1046.4,0.0,0.0,1046.4,0.0,0.0,0.0,0.0
44,3221.0,3829.0,3990.0,4276.0,5304.0,19183.0,20093.0,21646.0,23041.0,25207.0,1299.0,1489.0,1613.0,1680.0,1752.0,4.334964E7,4.805735E7,4.9822912E7,5.4634244E7,5.9841281E7,1.53245927E8,1.85127959E8,2.14955041E8,2.4523533E8,3.32550516E8,2082294.0,3058996.0,3370392.0,3718145.0,4298289.0,32.35,1101.95,0.0,0.0,1101.95,0.0,0.0,0.0,0.0
46,3580.0,3973.0,4127.0,4620.0,4998.0,19264.0,22693.0,23376.0,24768.0,26077.0,1199.0,1444.0,1536.0,1664.0,1892.0,4.9484301E7,5.215314E7,5.6783E7,6.1025106E7,7.5962637E7,1.49090458E8,2.13811346E8,2.24060496E8,2.74201198E8,2.98349726E8,2491031.0,3398201.0,3745094.0,4298455.0,1.2478404E7,33.9,1247.5,0.0,0.0,1247.5,0.0,0.0,0.0,0.0
48,3481.0,3720.0,3966.0,4433.0,5026.0,18624.0,23106.0,24476.0,25982.0,28327.0,1356.0,1389.0,1493.0,1687.0,1884.0,5.8098916E7,6.0170658E7,6.2142979E7,6.5371879E7,8.1663922E7,1.82823901E8,2.10031197E8,2.24100683E8,2.72385616E8,3.15914108E8,2583785.0,3525662.0,3935682.0,4790916.0,6003103.0,35.85,1331.05,0.0,0.0,1331.05,0.0,0.0,0.0,0.0
50,2984.0,3443.0,3964.0,4452.0,5663.0,22197.0,23358.0,24610.0,26190.0,28422.0,1141.0,1490.0,1591.0,1773.0,2124.0,6.1430668E7,6.7749819E7,6.877866E7,7.2849212E7,8.3870195E7,1.3520202E8,2.13994509E8,2.30197053E8,2.85847237E8,3.18208264E8,2746952.0,4166605.0,4846107.0,5240662.0,1.3711045E7,37.65,1423.2,0.0,0.0,1423.2,0.0,0.0,0.0,0.0
52,3621.0,3949.0,4286.0,4642.0,5154.0,22757.0,23806.0,25252.0,27246.0,28562.0,1287.0,1423.0,1642.0,1731.0,2016.0,7.0364944E7,7.5010604E7,7.8354692E7,8.1089783E7,8.883502E7,1.66665031E8,2.09805373E8,2.3964879E8,2.87186864E8,3.65910877E8,3804549.0,4523023.0,5603594.0,5830996.0,1.433766E7,38.9,1501.95,0.0,0.0,1501.95,0.0,0.0,0.0,0.0
54,3621.0,3915.0,4176.0,4628.0,4932.0,23471.0,26019.0,26639.0,28224.0,30321.0,1429.0,1532.0,1599.0,1714.0,1894.0,8.2494809E7,8.9651935E7,9.4136556E7,1.01525518E8,1.14004272E8,1.5769393E8,1.98279314E8,2.2071863E8,2.75809998E8,3.13589856E8,3226775.0,5947910.0,7196743.0,8145715.0,1.7485208E7,40.8,1629.0,0.0,0.0,1629.0,0.0,0.0,0.0,0.0
56,3677.0,3839.0,4262.0,4720.0,5266.0,25077.0,28075.0,29011.0,29884.0,32766.0,1321.0,1504.0,1579.0,1711.0,1941.0,9.5070412E7,1.03026356E8,1.06951683E8,1.16050717E8,1.18448542E8,2.12339319E8,2.60335789E8,2.81527528E8,3.16595346E8,3.59383786E8,3838922.0,6226193.0,7537206.0,8009345.0,1.9643788E7,43.6,1839.1,0.0,0.0,1839.1,0.0,0.0,0.0,0.0
58,3122.0,3734.0,4047.0,4702.0,4999.0,24887.0,28534.0,29643.0,31104.0,34667.0,1172.0,1385.0,1561.0,1652.0,1820.0,9.9000096E7,1.1099097E8,1.18479257E8,1.23657699E8,1.36098788E8,1.83266533E8,2.62512902E8,3.13248444E8,3.6269484E8,4.07363891E8,4077220.0,7462963.0,8007048.0,9201127.0,1.3994734E7,46.0,1971.2,0.0,0.0,1971.2,0.0,0.0,0.0,0.0
60,3519.0,4065.0,4372.0,4809.0,5686.0,26169.0,28464.0,29433.0,31314.0,33764.0,1213.0,1508.0,1611.0,1684.0,2081.0,1.11845781E8,1.20257417E8,1.23392995E8,1.32497212E8,1.45651228E8,2.24619233E8,2.7716588E8,3.03906567E8,3.40806572E8,3.60919186E8,5409237.0,8215360.0,9136907.0,1.0227356E7,1.4159805E7,46.7,2031.25,0.0,0.0,2031.25,0.0,0.0,0.0,0.0
62,3213.0,4418.0,4775.0,5139.0,5673.0,27898.0,30100.0,31660.0,31980.0,33944.0,1368.0,1508.0,1615.0,1696.0,1803.0,1.26030741E8,1.36308515E8,1.40097933E8,1.55361794E8,1.71312215E8,2.2257233E8,2.67694727E8,3.06868692E8,3.56422493E8,4.09242364E8,6808990.0,8764212.0,9557350.0,1.1074318E7,2.1717083E7,48.55,2179.55,0.0,0.0,2179.55,0.0,0.0,0.0,0.0
64,3472.0,4396.0,4807.0,5104.0,5561.0,28291.0,30691.0,32456.0,34099.0,37925.0,1299.0,1502.0,1584.0,1718.0,1901.0,1.40168204E8,1.49511129E8,1.57946475E8,1.6407147E8,1.88987905E8,2.30571513E8,2.82734327E8,2.88598404E8,3.47250705E8,3.61549422E8,6796042.0,9732746.0,1.1676882E7,1.5610715E7,2.3822046E7,50.2,2328.1,0.0,0.0,2328.1,0.0,0.0,0.0,0.0
66,3992.0,4380.0,4639.0,5000.0,5709.0,29199.0,31038.0,32718.0,34798.0,38542.0,1378.0,1472.0,1553.0,1720.0,1939.0,1.53085262E8,1.64075511E8,1.70084254E8,1.7623792E8,1.88866766E8,1.92643129E8,2.63470834E8,3.32034702E8,3.66623779E8,4.48214777E8,8104767.0,1.0899873E7,1.366841E7,1.4153954E7,1.6984931E7,53.0,2431.65,0.0,0.0,2431.65,0.0,0.0,0.0,0.0
68,3842.0,4412.0,4760.0,5155.0,5513.0,29143.0,32198.0,35565.0,36259.0,38132.0,1317.0,1491.0,1609.0,1771.0,2009.0,1.68609501E8,1.86954723E8,1.91512761E8,1.9956205E8,2.15912233E8,2.40614118E8,2.92588031E8,3.449106E8,3.76750462E8,4.5571028E8,1.0145889E7,1.1818691E7,1.2843203E7,1.45816E7,2.6235531E7,52.8,2621.85,0.0,0.0,2621.85,0.0,0.0,0.0,0.0
70,3676.0,4293.0,4714.0,5033.0,6598.0,33237.0,34740.0,36246.0,37840.0,38491.0,1210.0,1451.0,1534.0,1639.0,1699.0,1.82464481E8,1.9994522E8,2.10445436E8,2.2377101E8,2.3456667E8,2.84002431E8,3.30876902E8,3.53161632E8,3.7920145E8,4.63538969E8,8201367.0,1.2629267E7,1.4465052E7,1.6242935E7,2.7856523E7,56.8,2840.1,0.0,0.0,2840.1,0.0,0.0,0.0,0.0
72,3894.0,4551.0,4727.0,5163.0,5779.0,32369.0,35801.0,36689.0,38730.0,39924.0,1324.0,1456.0,1485.0,1642.0,1891.0,2.02298184E8,2.15865594E8,2.186037E8,2.31246041E8,2.58547881E8,2.57070636E8,3.12432542E8,3.50625989E8,3.97266165E8,4.57491141E8,1.1067228E7,1.4853231E7,1.580136E7,1.8145319E7,2.8361634E7,58.45,2939.8,0.0,0.0,2939.8,0.0,0.0,0.0,0.0
74,3545.0,4678.0,5037.0,5224.0,6093.0,33798.0,35765.0,37260.0,38055.0,41187.0,1343.0,1510.0,1563.0,1667.0,1787.0,2.30931337E8,2.38748008E8,2.45207698E8,2.53613844E8,2.71812541E8,2.79665451E8,3.39690854E8,3.53388149E8,3.83285088E8,4.51646058E8,1.1191926E7,1.5602787E7,1.7893298E7,2.0339117E7,2.6178619E7,60.1,3064.6,0.0,0.0,3064.6,0.0,0.0,0.0,0.0
76,4103.0,4858.0,5052.0,5252.0,5517.0,35520.0,36839.0,38568.0,40696.0,43248.0,1362.0,1509.0,1568.0,1715.0,1931.0,2.45644542E8,2.50767818E8,2.644193E8,2.71218505E8,2.99853846E8,2.76135423E8,2.97332467E8,3.40428452E8,3.98851053E8,4.67243861E8,1.0647073E7,1.5871905E7,1.8589297E7,1.9907747E7,2.519791E7,61.2,3235.05,0.0,0.0,3235.05,0.0,0.0,0.0,0.0
78,3963.0,4394.0,4944.0,5287.0,6094.0,34805.0,36120.0,39395.0,41147.0,44263.0,1253.0,1366.0,1528.0,1646.0,2127.0,2.69056057E8,2.79665656E8,2.8713465E8,2.95564294E8,3.03132278E8,2.93600304E8,3.43969315E8,3.617459E8,3.96408507E8,5.41297746E8,1.4171913E7,1.6894995E7,2.0505665E7,2.3250553E7,3.4173292E7,61.9,3393.25,0.0,0.0,3393.25,0.0,0.0,0.0,0.0
80,4308.0,4970.0,5400.0,5724.0,6234.0,35166.0,38473.0,41113.0,42760.0,43831.0,1279.0,1454.0,1617.0,1677.0,1968.0,2.92583439E8,3.01195231E8,3.14839611E8,3.2189886E8,3.31490642E8,2.95135662E8,3.48183692E8,3.82862756E8,4.06437708E8,4.66708589E8,1.4528752E7,1.9551601E7,2.0620775E7,2.4441173E7,3.1893194E7,65.7,3579.25,0.0,0.0,3579.25,0.0,0.0,0.0,0.0
82,4236.0,4801.0,5098.0,5516.0,6041.0,37036.0,40654.0,43027.0,43974.0,48286.0,1336.0,1492.0,1639.0,1753.0,1869.0,3.00620825E8,3.22418226E8,3.35336903E8,3.578995E8,3.88883683E8,3.07204155E8,3.61723667E8,4.10369185E8,4.73928312E8,5.1489646E8,1.5983979E7,2.1432871E7,2.3954301E7,2.5579283E7,2.6986167E7,67.9,3825.05,0.0,0.0,3825.05,0.0,0.0,0.0,0.0
84,4709.0,5008.0,5172.0,5641.0,6640.0,36575.0,41501.0,42812.0,43568.0,45872.0,1277.0,1486.0,1585.0,1633.0,1779.0,3.41980409E8,3.57716246E8,3.72108953E8,3.88200185E8,4.12764363E8,3.3980309E8,3.66364754E8,3.86020306E8,4.33201002E8,4.90621233E8,1.4520552E7,2.2507132E7,2.4419121E7,2.8158119E7,3.0530903E7,70.4,3891.65,0.0,0.0,3891.65,0.0,0.0,0.0,0.0
86,3931.0,4737.0,4911.0,5486.0,6008.0,37698.0,41431.0,42744.0,44793.0,47237.0,1328.0,1486.0,1585.0,1625.0,1808.0,3.64255127E8,3.76947197E8,3.83335998E8,4.00119526E8,4.30600454E8,2.90528816E8,3.49338459E8,4.10871539E8,4.70693048E8,5.04617178E8,1.7091635E7,2.134438E7,2.3722494E7,3.0425145E7,4.125143E7,72.05,4018.45,0.0,0.0,4018.45,0.0,0.0,0.0,0.0
88,4741.0,4915.0,5370.0,5658.0,6216.0,38218.0,41905.0,43683.0,45397.0,49829.0,1304.0,1542.0,1613.0,1716.0,1902.0,3.9773912E8,4.03935278E8,4.12403891E8,4.21296384E8,4.33297367E8,2.64557006E8,3.73553631E8,4.03478437E8,4.48686271E8,5.07839558E8,2.1409807E7,2.4366521E7,2.9064359E7,3.3336906E7,3.8034352E7,72.85,4209.7,0.0,0.0,4209.7,0.0,0.0,0.0,0.0
90,4393.0,5021.0,5136.0,5628.0,6290.0,39554.0,43029.0,46091.0,48393.0,51923.0,1341.0,1457.0,1549.0,1603.0,1877.0,4.2281165E8,4.34752618E8,4.50211618E8,4.62687227E8,4.78950456E8,2.633376E8,3.54582627E8,4.10608541E8,4.65183469E8,5.38862872E8,2.3873856E7,2.8492248E7,2.9573471E7,3.4484049E7,4.5433857E7,75.05,4475.9,0.0,0.0,4475.9,0.0,0.0,0.0,0.0
92,4881.0,5153.0,5436.0,6084.0,6538.0,41437.0,42929.0,45523.0,47065.0,49106.0,1353.0,1417.0,1481.0,1545.0,1741.0,4.35682166E8,4.56171632E8,4.78241875E8,5.05573312E8,5.35166063E8,2.89358086E8,3.69369341E8,4.15075716E8,4.66945136E8,5.16529539E8,2.4662685E7,3.044014E7,3.3870638E7,3.7963536E7,4.7499702E7,77.05,4509.5,0.0,0.0,4509.5,0.0,0.0,0.0,0.0
94,4233.0,5234.0,5488.0,5914.0,6412.0,42539.0,45776.0,47236.0,50399.0,52492.0,1376.0,1524.0,1616.0,1649.0,1906.0,4.88943825E8,5.03416771E8,5.15382399E8,5.17865514E8,5.43685294E8,3.66293157E8,4.18088224E8,4.54689632E8,4.76495988E8,5.2927144E8,2.2054898E7,3.0226737E7,3.4227096E7,3.8219435E7,5.0198766E7,79.65,4862.3,0.0,0.0,4862.3,0.0,0.0,0.0,0.0
96,4680.0,5099.0,5472.0,5745.0,6296.0,43425.0,47810.0,49866.0,51207.0,54717.0,1365.0,1490.0,1589.0,1692.0,1886.0,5.05623036E8,5.37485602E8,5.60638508E8,5.71944091E8,6.11535507E8,3.61993111E8,3.92920418E8,4.47578845E8,5.00192844E8,5.56080553E8,2.2210387E7,3.5470869E7,4.0366656E7,4.5329113E7,4.838216E7,81.45,5123.85,0.0,0.0,5123.85,0.0,0.0,0.0,0.0
98,4523.0,4960.0,5325.0,5815.0,6667.0,40606.0,46863.0,48582.0,50852.0,55062.0,1363.0,1487.0,1564.0,1589.0,1689.0,5.51988702E8,5.75322731E8,5.86869257E8,6.10279981E8,6.25777457E8,3.57248631E8,4.09233577E8,4.26291531E8,4.56803219E8,5.21971991E8,2.8883786E7,4.0463284E7,4.5176845E7,4.7455576E7,5.6002669E7,86.35,5106.15,0.0,0.0,5106.15,0.0,0.0,0.0,0.0
100,5136.0,5401.0,5865.0,6160.0,6399.0,44053.0,47843.0,50227.0,51095.0,52363.0,1405.0,1505.0,1644.0,1670.0,1802.0,5.65259566E8,5.97128378E8,6.26804618E8,6.58142167E8,7.24572494E8,3.19587043E8,3.93488565E8,4.38009527E8,4.77986566E8,5.01441375E8,3.5761331E7,4.3406311E7,4.6539616E7,4.8006213E7,5.0336487E7,83.95,5324.4,0.0,0.0,5324.4,0.0,0.0,0.0,0.0
102,4781.0,5508.0,5976.0,6271.0,6766.0,46124.0,49988.0,51511.0,53647.0,57491.0,1378.0,1482.0,1546.0,1621.0,1788.0,5.92853684E8,6.43563443E8,6.62623203E8,6.7250211E8,6.98623629E8,3.78903427E8,4.19213518E8,4.36106095E8,4.92122853E8,5.49630571E8,3.0653263E7,4.1096184E7,4.5779973E7,5.5535505E7,6.5265097E7,87.1,5630.9,0.0,0.0,5630.9,0.0,0.0,0.0,0.0
104,4643.0,5545.0,5842.0,6139.0,7033.0,47705.0,49401.0,51602.0,53273.0,55676.0,1399.0,1489.0,1537.0,1666.0,1763.0,6.62173784E8,6.80213855E8,6.96022385E8,7.15550244E8,7.44041994E8,3.80944435E8,4.15339389E8,4.42390954E8,4.73291162E8,5.41861259E8,3.3738125E7,4.7082731E7,5.1940637E7,5.8890526E7,6.9336756E7,88.2,5697.4,0.0,0.0,5697.4,0.0,0.0,0.0,0.0
106,4819.0,5151.0,5601.0,5924.0,6488.0,47256.0,51593.0,53601.0,54532.0,56800.0,1354.0,1414.0,1545.0,1615.0,1779.0,6.85727741E8,7.28498483E8,7.47204353E8,7.67387735E8,8.20343067E8,3.32174237E8,4.10804567E8,4.47861636E8,4.75703232E8,5.35440002E8,3.2266867E7,4.7553539E7,5.3012992E7,6.0967961E7,6.2330904E7,90.45,5968.65,0.0,0.0,5968.65,0.0,0.0,0.0,0.0
108,4904.0,5465.0,5832.0,6079.0,6312.0,49168.0,52340.0,54518.0,56193.0,60162.0,1404.0,1537.0,1605.0,1678.0,1813.0,7.47726801E8,7.6674319E8,7.8062882E8,8.25957715E8,8.47821376E8,4.09773379E8,4.4385713E8,5.01975158E8,5.24108323E8,5.78849149E8,3.5282397E7,4.6427562E7,5.5021004E7,6.085355E7,7.7025474E7,93.1,6300.0,0.0,0.0,6300.0,0.0,0.0,0.0,0.0
110,4897.0,5532.0,5972.0,6271.0,7537.0,50180.0,52803.0,54169.0,58340.0,62209.0,1453.0,1540.0,1629.0,1660.0,1767.0,7.69744641E8,8.1667791E8,8.29310418E8,8.70429548E8,1.002741991E9,3.77306507E8,4.40802641E8,4.93262485E8,5.40029604E8,5.81061682E8,4.9201165E7,5.9352409E7,6.319604E7,7.0326318E7,7.7800548E7,94.95,6465.35,0.0,0.0,6465.35,0.0,0.0,0.0,0.0
112,4419.0,5553.0,5906.0,6188.0,6461.0,50849.0,55167.0,57771.0,59263.0,60787.0,1310.0,1461.0,1557.0,1627.0,1850.0,8.1988821E8,8.53035283E8,8.75328497E8,9.1129441E8,1.024105935E9,4.12882532E8,4.39031926E8,4.91789625E8,5.40428233E8,5.65887806E8,4.3926297E7,5.9502641E7,6.759299E7,7.3221143E7,9.3721648E7,96.2,6736.05,0.0,0.0,6736.05,0.0,0.0,0.0,0.0
114,4683.0,5289.0,5569.0,6356.0,6688.0,47220.0,55136.0,58591.0,60500.0,63725.0,1316.0,1493.0,1568.0,1625.0,1705.0,8.71210105E8,9.1097577E8,9.37846543E8,9.79709852E8,1.063741713E9,4.10378495E8,4.69432005E8,5.05786496E8,5.49895774E8,6.12754249E8,4.9583914E7,5.7870305E7,6.4197427E7,7.3189709E7,8.9319672E7,100.75,7000.15,0.0,0.0,7000.15,0.0,0.0,0.0,0.0
116,5120.0,5498.0,5689.0,6288.0,7542.0,53267.0,56160.0,58548.0,59261.0,65661.0,1305.0,1479.0,1550.0,1646.0,1798.0,9.29507747E8,9.51165316E8,9.91660151E8,1.010808192E9,1.059287716E9,4.32111969E8,4.68844935E8,5.0027096E8,5.32828595E8,6.46562982E8,5.0257692E7,6.3789726E7,7.1226279E7,8.6599614E7,9.1812605E7,102.15,7134.75,0.0,0.0,7134.75,0.0,0.0,0.0,0.0
118,5298.0,5697.0,6164.0,6557.0,6866.0,53891.0,58195.0,59815.0,61526.0,63282.0,1326.0,1463.0,1574.0,1670.0,1796.0,9.50433319E8,1.001947791E9,1.050554945E9,1.102942295E9,1.127417787E9,4.24913382E8,4.97339701E8,5.49703976E8,5.70196894E8,6.15879384E8,4.7521715E7,6.6624848E7,7.0811248E7,8.6011225E7,1.08314127E8,101.65,7451.3,0.0,0.0,7451.3,0.0,0.0,0.0,0.0
120,4883.0,5699.0,6053.0,6417.0,7015.0,52772.0,57610.0,59842.0,61417.0,67161.0,1418.0,1488.0,1601.0,1654.0,1776.0,1.02432128E9,1.061711726E9,1.080851552E9,1.110136712E9,1.223578868E9,4.12542699E8,5.00888129E8,5.37149977E8,6.09835312E8,9.32632896E8,5.8151718E7,7.2450945E7,7.9866275E7,9.0631182E7,1.24129153E8,105.65,7620.75,0.0,0.0,7620.75,0.0,0.0,0.0,0.0
122,5076.0,5849.0,6137.0,6579.0,7170.0,56150.0,58625.0,61656.0,64666.0,68590.0,1227.0,1460.0,1503.0,1624.0,1764.0,1.072410736E9,1.133065382E9,1.156442486E9,1.190357205E9,1.340852049E9,4.73518585E8,5.35045003E8,5.89191338E8,6.13212268E8,6.43931827E8,5.7024788E7,7.7537486E7,8.8840741E7,9.5381383E7,1.15752852E8,107.55,8018.5,0.0,0.0,8018.5,0.0,0.0,0.0,0.0
124,5318.0,5676.0,6059.0,6504.0,7266.0,59376.0,61813.0,63343.0,66534.0,69693.0,1381.0,1459.0,1533.0,1618.0,1692.0,1.109784766E9,1.188506467E9,1.21882409E9,1.256022493E9,1.329372851E9,4.92460984E8,5.49393621E8,5.75488957E8,5.93334751E8,7.48268455E8,6.9519396E7,8.1921228E7,9.488957E7,1.05200446E8,1.13595152E8,110.65,8375.6,0.0,0.0,8375.6,0.0,0.0,0.0,0.0
126,5325.0,6013.0,6394.0,6660.0,7176.0,54550.0,61663.0,63769.0,65211.0,66702.0,1458.0,1509.0,1638.0,1735.0,1814.0,1.126898487E9,1.227412731E9,1.279656741E9,1.329472622E9,1.429394389E9,4.81838106E8,5.62618223E8,5.93070953E8,6.13263164E8,6.47665756E8,7.5933804E7,8.3987213E7,9.171891E7,1.1630054E8,1.25802587E8,110.8,8335.2,0.0,0.0,8335.2,0.0,0.0,0.0,0.0
128,5270.0,5789.0,6171.0,6718.0,7040.0,55580.0,61380.0,62984.0,66726.0,70763.0,1297.0,1457.0,1576.0,1604.0,1807.0,1.205479828E9,1.299000396E9,1.327706166E9,1.352388935E9,1.39334143E9,4.92083461E8,5.66233168E8,6.05400259E8,6.4017376E8,6.94777365E8,7.5919324E7,9.2593297E7,1.09461404E8,1.18261339E8,1.24253362E8,113.1,8535.1,0.0,0.0,8535.1,0.0,0.0,0.0,0.0
130,4862.0,5872.0,6273.0,6837.0,7371.0,60881.0,64155.0,65573.0,67692.0,69899.0,1380.0,1457.0,1507.0,1588.0,1801.0,1.295260842E9,1.366574729E9,1.40485398E9,1.450566206E9,1.55617996E9,5.47870294E8,5.70887058E8,6.13357192E8,6.72448128E8,7.31838175E8,6.9020267E7,9.0545394E7,1.00856004E8,1.13171257E8,1.29871638E8,116.3,8945.6,0.0,0.0,8945.6,0.0,0.0,0.0,0.0
132,5620.0,6136.0,6399.0,6620.0,7739.0,59846.0,64559.0,66147.0,68570.0,72334.0,1327.0,1490.0,1542.0,1615.0,1766.0,1.402815203E9,1.444110944E9,1.469079553E9,1.512281774E9,1.548495925E9,5.85825164E8,6.23021338E8,6.3458869E8,6.78677795E8,7.22314231E8,9.0228023E7,9.8843449E7,1.12016304E8,1.25302263E8,1.56392367E8,119.25,9191.3,0.0,0.0,9191.3,0.0,0.0,0.0,0.0
134,5737.0,5965.0,6430.0,6872.0,7274.0,62352.0,66684.0,67750.0,69782.0,72776.0,1215.0,1471.0,1546.0,1635.0,1725.0,1.404182023E9,1.490844827E9,1.523652944E9,1.555292642E9,1.63000714E9,5.77251015E8,6.30152066E8,6.50107496E8,6.99195891E8,7.38220802E8,8.4347898E7,1.06505779E8,1.13855086E8,1.32165021E8,1.59299787E8,119.75,9539.95,0.0,0.0,9539.95,0.0,0.0,0.0,0.0
136,5775.0,6244.0,6687.0,6968.0,7731.0,61828.0,66125.0,68225.0,69377.0,74909.0,1426.0,1537.0,1587.0,1659.0,1752.0,1.544328607E9,1.606399442E9,1.640408379E9,1.719195486E9,1.932875185E9,6.04648885E8,6.56881049E8,6.72277949E8,7.08355042E8,7.78663271E8,7.4891518E7,1.15016824E8,1.20255267E8,1.31602645E8,1.4989482E8,119.9,9669.4,0.0,0.0,9669.4,0.0,0.0,0.0,0.0
138,5492.0,6283.0,6449.0,6962.0,7252.0,64237.0,66916.0,70840.0,71766.0,74594.0,1346.0,1522.0,1579.0,1614.0,1816.0,1.57460345E9,1.710588059E9,1.743317597E9,1.790991552E9,1.884930679E9,5.75170594E8,6.69263955E8,7.27485461E8,7.72119299E8,9.51044843E8,9.8728903E7,1.21207323E8,1.28457758E8,1.34212379E8,1.53407979E8,124.05,10101.05,0.0,0.0,10101.05,0.0,0.0,0.0,0.0
140,5658.0,6185.0,6428.0,6983.0,7613.0,66058.0,69384.0,71207.0,73488.0,81555.0,1413.0,1522.0,1597.0,1656.0,1744.0,1.651420407E9,1.724950258E9,1.790372383E9,1.818031194E9,1.859310488E9,6.67206642E8,7.13221186E8,7.41991607E8,7.86306378E8,8.21446641E8,1.13681606E8,1.29958135E8,1.41372758E8,1.53836202E8,1.82483361E8,125.7,10482.95,0.0,0.0,10482.95,0.0,0.0,0.0,0.0
142,6006.0,6484.0,6604.0,6895.0,7827.0,62465.0,70469.0,71746.0,73725.0,79966.0,1354.0,1543.0,1609.0,1692.0,1860.0,1.725477165E9,1.801063986E9,1.866185048E9,1.903018118E9,2.019400346E9,6.29195129E8,7.24575398E8,7.55535721E8,7.81901994E8,8.55691999E8,1.04232857E8,1.24876379E8,1.43545999E8,1.62107572E8,1.9036821E8,129.25,10659.8,0.0,0.0,10659.8,0.0,0.0,0.0,0.0
144,5835.0,6240.0,6567.0,7154.0,7638.0,66967.0,70841.0,71716.0,75233.0,83807.0,1376.0,1503.0,1560.0,1655.0,1918.0,1.739837285E9,1.826568108E9,1.91910246E9,1.978256776E9,2.153792602E9,6.80202594E8,7.51518579E8,7.80584008E8,8.41083803E8,9.13243215E8,1.09272456E8,1.37428044E8,1.51346788E8,1.69724717E8,1.90451286E8,127.3,11003.55,0.0,0.0,11003.55,0.0,0.0,0.0,0.0
146,5104.0,6365.0,6702.0,6874.0,7435.0,62129.0,71248.0,72972.0,75838.0,80617.0,1361.0,1490.0,1572.0,1691.0,1781.0,1.890060825E9,1.974302887E9,2.002240541E9,2.091123291E9,2.146330443E9,6.73807107E8,7.5875596E8,8.14446091E8,8.52055738E8,9.89349043E8,1.02469405E8,1.33645264E8,1.58166342E8,1.81378629E8,2.02505355E8,130.3,11193.35,0.0,0.0,11193.35,0.0,0.0,0.0,0.0
148,5900.0,6447.0,6652.0,6867.0,8000.0,65648.0,70817.0,73637.0,77463.0,81647.0,1242.0,1468.0,1543.0,1596.0,1639.0,1.997255537E9,2.051912618E9,2.085193319E9,2.209036104E9,2.247591774E9,6.81992582E8,7.81798363E8,8.43577733E8,8.81133319E8,9.26944695E8,7.9205334E7,1.44354752E8,1.5692313E8,1.73420469E8,2.22974434E8,133.9,11419.15,0.0,0.0,11419.15,0.0,0.0,0.0,0.0
150,5277.0,6338.0,6612.0,7278.0,7819.0,66651.0,72035.0,73722.0,76594.0,79016.0,1305.0,1492.0,1565.0,1609.0,1792.0,2.036157532E9,2.136060336E9,2.193611009E9,2.294073878E9,2.458514066E9,7.03759347E8,8.12957711E8,8.49961792E8,8.99755887E8,9.6852438E8,1.30883165E8,1.6006018E8,1.86750594E8,1.96114757E8,2.37754784E8,135.75,11566.2,0.0,0.0,11566.2,0.0,0.0,0.0,0.0
152,5840.0,6551.0,6754.0,7224.0,7515.0,70061.0,74038.0,75924.0,79293.0,82528.0,1341.0,1520.0,1566.0,1640.0,1767.0,2.037636551E9,2.210723232E9,2.271167621E9,2.371256757E9,2.736970862E9,7.75195827E8,8.46100532E8,8.76880383E8,1.034207466E9,1.214295942E9,1.38733243E8,1.60092395E8,1.91857156E8,2.09362975E8,2.31220503E8,136.05,12205.9,0.0,0.0,12205.9,0.0,0.0,0.0,0.0
154,6195.0,6569.0,7072.0,7363.0,7769.0,71130.0,75672.0,77620.0,79925.0,82440.0,1427.0,1451.0,1487.0,1556.0,1718.0,2.203499191E9,2.300481106E9,2.335166791E9,2.455731376E9,2.55328558E9,8.09218291E8,8.36254938E8,9.06633805E8,9.35889821E8,1.132358704E9,1.44237709E8,1.71028492E8,1.77780929E8,2.03338389E8,2.19268274E8,137.3,12355.75,0.0,0.0,12355.75,0.0,0.0,0.0,0.0
156,5986.0,6265.0,6583.0,7166.0,8108.0,70526.0,76727.0,80070.0,83088.0,85263.0,1402.0,1452.0,1519.0,1641.0,1689.0,2.27754092E9,2.415891988E9,2.501947141E9,2.519073665E9,2.663822213E9,7.92214982E8,9.08389621E8,9.53835732E8,1.0079553E9,1.0818956E9,1.63574767E8,1.81555959E8,2.08546931E8,2.34954977E8,2.78183415E8,143.55,12875.05,0.0,0.0,12875.05,0.0,0.0,0.0,0.0
158,5697.0,6548.0,6998.0,7082.0,7455.0,70153.0,77448.0,79122.0,80845.0,87103.0,1372.0,1483.0,1566.0,1635.0,1680.0,2.415530192E9,2.584330886E9,2.6863565E9,2.803305817E9,2.998823309E9,8.89748889E8,9.40510109E8,9.86738677E8,1.029925287E9,1.085289616E9,1.24335537E8,1.7288835E8,2.00330904E8,2.12200922E8,2.76832809E8,145.35,12948.25,0.0,0.0,12948.25,0.0,0.0,0.0,0.0
160,5726.0,6573.0,6899.0,7176.0,8140.0,71724.0,78816.0,80388.0,82359.0,83312.0,1319.0,1486.0,1563.0,1633.0,1699.0,2.538651887E9,2.625405287E9,2.699470484E9,2.765563318E9,2.946203037E9,8.70759933E8,9.54182495E8,9.90886234E8,1.026399465E9,1.092326809E9,1.54168357E8,1.99537336E8,2.12961258E8,2.28955071E8,2.53761311E8,149.45,13244.75,0.0,0.0,13244.75,0.0,0.0,0.0,0.0
162,6268.0,6830.0,7035.0,7446.0,8553.0,71792.0,78760.0,81234.0,83488.0,86129.0,1377.0,1474.0,1570.0,1685.0,1804.0,2.694189331E9,2.763419508E9,2.835623482E9,2.882280692E9,3.091506626E9,8.45717964E8,1.001075789E9,1.033528814E9,1.086591819E9,1.176586969E9,1.66564106E8,2.0475313E8,2.22946894E8,2.50397253E8,3.59058859E8,146.15,13584.4,0.0,0.0,13584.4,0.0,0.0,0.0,0.0
164,6144.0,6987.0,7130.0,7465.0,7761.0,72060.0,77746.0,82320.0,84847.0,87449.0,1402.0,1495.0,1525.0,1596.0,1796.0,2.765311054E9,2.850398299E9,2.961989008E9,3.068013915E9,3.231535014E9,9.21977593E8,9.58960677E8,1.011294687E9,1.122461807E9,1.212706625E9,1.82135425E8,2.22676855E8,2.49910685E8,2.70384421E8,3.1574679E8,151.3,13770.05,0.0,0.0,13770.05,0.0,0.0,0.0,0.0
166,6115.0,6629.0,6969.0,7069.0,7665.0,73188.0,80899.0,83463.0,86690.0,94378.0,1357.0,1543.0,1585.0,1633.0,1798.0,2.813675599E9,3.003829729E9,3.038488409E9,3.195793572E9,3.548964583E9,8.85990416E8,1.042544675E9,1.096794749E9,1.142951707E9,1.291911464E9,1.69583882E8,2.15542128E8,2.35803694E8,2.54988067E8,3.05918574E8,155.9,14390.5,0.0,0.0,14390.5,0.0,0.0,0.0,0.0
168,5782.0,6681.0,6902.0,7425.0,7676.0,79430.0,82239.0,84392.0,85981.0,89981.0,1287.0,1510.0,1577.0,1641.0,1726.0,2.95006141E9,3.05089049E9,3.132341086E9,3.235643611E9,3.354161959E9,1.04562918E9,1.111439458E9,1.168559512E9,1.216832549E9,1.29374883E9,1.91817281E8,2.25051646E8,2.61406101E8,3.10400696E8,3.60519479E8,155.8,14796.3,0.0,0.0,14796.3,0.0,0.0,0.0,0.0
170,6223.0,6718.0,7206.0,7538.0,8178.0,78323.0,80624.0,83592.0,86304.0,91818.0,1319.0,1526.0,1604.0,1679.0,1724.0,3.034596756E9,3.245698316E9,3.310649828E9,3.446097939E9,3.476339875E9,1.050087759E9,1.125388005E9,1.184152657E9,1.226798363E9,1.651125965E9,2.10726277E8,2.60849474E8,2.91216071E8,3.25772293E8,3.40991733E8,157.65,14931.2,0.0,0.0,14931.2,0.0,0.0,0.0,0.0
172,5961.0,6891.0,7086.0,7577.0,8604.0,79211.0,84030.0,87319.0,90394.0,94567.0,1432.0,1491.0,1529.0,1608.0,1778.0,3.247665709E9,3.317668533E9,3.453848063E9,3.551725308E9,3.757615212E9,1.069030453E9,1.173514624E9,1.219478187E9,1.307163863E9,1.451878955E9,2.15538399E8,2.7049521E8,2.95661048E8,3.23427695E8,3.76772141E8,157.4,15548.35,0.0,0.0,15548.35,0.0,0.0,0.0,0.0
174,6399.0,6829.0,7296.0,7693.0,7956.0,81314.0,84250.0,87137.0,90283.0,92417.0,1256.0,1466.0,1532.0,1586.0,1797.0,3.216487517E9,3.372652478E9,3.446178942E9,3.615067662E9,3.934942722E9,1.047034965E9,1.207402738E9,1.248575166E9,1.329120766E9,1.491900871E9,2.15982436E8,2.51780378E8,2.66122181E8,2.88488555E8,3.90733399E8,159.9,15813.05,0.0,0.0,15813.05,0.0,0.0,0.0,0.0
176,6100.0,7039.0,7363.0,7615.0,8737.0,81326.0,84921.0,89540.0,90965.0,95332.0,1383.0,1464.0,1533.0,1648.0,1763.0,3.393476044E9,3.574407115E9,3.604972614E9,3.717701527E9,3.857788648E9,1.167074825E9,1.257132506E9,1.320166095E9,1.366081395E9,1.484803877E9,1.6995664E8,2.66660636E8,2.92914465E8,3.27331418E8,3.7568017E8,161.2,16170.55,0.0,0.0,16170.55,0.0,0.0,0.0,0.0
178,6520.0,6812.0,7062.0,7232.0,8959.0,81198.0,85838.0,88488.0,90502.0,95747.0,1396.0,1477.0,1535.0,1605.0,1849.0,3.461520049E9,3.679670499E9,3.780480957E9,3.907918055E9,4.223051498E9,1.108548126E9,1.244892148E9,1.305268658E9,1.362482632E9,1.535828485E9,2.38328055E8,2.99397542E8,3.23670039E8,3.57907562E8,4.10840517E8,165.6,16261.5,0.0,0.0,16261.5,0.0,0.0,0.0,0.0
180,5755.0,6788.0,7234.0,7687.0,8014.0,79007.0,86139.0,87723.0,90097.0,96323.0,1283.0,1464.0,1534.0,1604.0,1691.0,3.68851177E9,3.843860281E9,3.916069451E9,3.958386189E9,4.101096158E9,1.174875306E9,1.265719502E9,1.317430695E9,1.408927701E9,1.441526484E9,2.53064731E8,3.00406559E8,3.12648661E8,3.50835733E8,3.91992525E8,171.2,16487.45,0.0,0.0,16487.45,0.0,0.0,0.0,0.0
182,6354.0,6739.0,7219.0,7843.0,8475.0,81228.0,90077.0,92108.0,93073.0,95819.0,1220.0,1463.0,1555.0,1615.0,1690.0,3.908289192E9,3.986362667E9,4.04120283E9,4.18191366E9,4.468085796E9,1.269798771E9,1.369195599E9,1.434000428E9,1.46883657E9,1.839831447E9,2.62097166E8,3.38616055E8,3.6161793E8,3.7924222E8,4.04047737E8,171.2,17286.65,0.0,0.0,17286.65,0.0,0.0,0.0,0.0
184,6489.0,7368.0,7490.0,7946.0,8184.0,83542.0,88543.0,91543.0,93690.0,98445.0,1391.0,1466.0,1539.0,1592.0,1754.0,4.1037768E9,4.216645843E9,4.326197991E9,4.480275298E9,4.688550153E9,1.30292294E9,1.358081692E9,1.415517244E9,1.448448531E9,1.48473784E9,2.79489311E8,3.37769161E8,3.49963538E8,3.97020472E8,4.49086402E8,172.8,17175.7,0.0,0.0,17175.7,0.0,0.0,0.0,0.0
186,6631.0,6730.0,7142.0,7970.0,8588.0,79061.0,91362.0,93533.0,95249.0,104504.0,1410.0,1479.0,1526.0,1588.0,1714.0,4.197260402E9,4.360521391E9,4.572330567E9,4.636435968E9,4.838601461E9,1.286999407E9,1.450563682E9,1.506139886E9,1.564532884E9,1.862458242E9,2.88946817E8,3.536064E8,3.83262592E8,4.23047998E8,4.49085839E8,175.4,17988.65,0.0,0.0,17988.65,0.0,0.0,0.0,0.0
188,6477.0,6942.0,7395.0,7519.0,7800.0,90523.0,91994.0,94981.0,96530.0,101716.0,1307.0,1418.0,1511.0,1564.0,1623.0,4.334494136E9,4.418719423E9,4.486669084E9,4.627708452E9,4.850037533E9,1.364631385E9,1.482856151E9,1.51624016E9,1.621191754E9,1.704296284E9,2.73424458E8,3.29280832E8,3.66611681E8,3.9141341E8,4.57535285E8,175.65,18538.9,0.0,0.0,18538.9,0.0,0.0,0.0,0.0
190,6268.0,7260.0,7453.0,7577.0,8887.0,85440.0,94788.0,95511.0,97745.0,100698.0,1419.0,1461.0,1542.0,1619.0,1753.0,4.422323074E9,4.613689812E9,4.803756137E9,4.981549508E9,5.203848451E9,1.364393785E9,1.572840827E9,1.613574363E9,1.689724297E9,1.924113767E9,3.21310208E8,3.67125167E8,3.97127106E8,4.11457639E8,4.56208663E8,178.5,18863.25,0.0,0.0,18863.25,0.0,0.0,0.0,0.0
192,6836.0,7168.0,7318.0,7878.0,8497.0,89442.0,93557.0,94702.0,97362.0,102464.0,1415.0,1493.0,1514.0,1612.0,1710.0,4.625878233E9,4.820306246E9,4.877929381E9,5.004352822E9,5.981109414E9,1.470927959E9,1.605335365E9,1.64196931E9,1.6816889E9,1.851579625E9,3.34531888E8,3.74296328E8,3.92665611E8,4.55364411E8,5.23451323E8,182.8,19047.15,0.0,0.0,19047.15,0.0,0.0,0.0,0.0
194,6689.0,7131.0,7589.0,7888.0,8261.0,93334.0,95166.0,97122.0,98984.0,103886.0,1274.0,1427.0,1490.0,1589.0,1664.0,4.754879989E9,4.97688534E9,5.253878307E9,5.56429966E9,5.771816351E9,1.455132255E9,1.665960551E9,1.699042522E9,1.749787723E9,1.833051134E9,2.70167637E8,3.62690542E8,3.88610366E8,4.47939806E8,5.11841982E8,183.8,19574.75,0.0,0.0,19574.75,0.0,0.0,0.0,0.0
196,6796.0,7330.0,7839.0,8239.0,8526.0,94267.0,96957.0,98886.0,101275.0,110247.0,1343.0,1466.0,1519.0,1576.0,1664.0,4.951169497E9,5.094459786E9,5.210889843E9,5.389595066E9,5.709265932E9,1.618955369E9,1.690227761E9,1.733907662E9,1.832786883E9,2.01421526E9,2.74191754E8,4.02951367E8,4.28437812E8,4.64293634E8,6.35138343E8,186.0,20308.8,0.0,0.0,20308.8,0.0,0.0,0.0,0.0
198,6641.0,7261.0,7751.0,8283.0,8954.0,92307.0,97281.0,99644.0,102847.0,106966.0,1286.0,1482.0,1530.0,1588.0,1717.0,5.111229764E9,5.25189734E9,5.481695499E9,5.666399514E9,6.047728037E9,1.618092334E9,1.764485689E9,1.843038342E9,1.918526523E9,1.995564676E9,3.0796227E8,4.1577257E8,4.59138115E8,5.20475349E8,6.41873203E8,187.55,20558.95,0.0,0.0,20558.95,0.0,0.0,0.0,0.0
200,6676.0,7268.0,7626.0,8001.0,8217.0,92248.0,96985.0,98418.0,100849.0,104845.0,1354.0,1461.0,1537.0,1610.0,1693.0,5.25186432E9,5.436106352E9,5.682197827E9,5.955802285E9,6.265583031E9,1.540372805E9,1.741948489E9,1.792301676E9,1.931702368E9,2.202855871E9,3.77898124E8,4.09138412E8,4.76123072E8,5.18422111E8,5.91634059E8,188.8,20380.25,0.0,0.0,20380.25,0.0,0.0,0.0,0.0
202,6379.0,7304.0,7642.0,8256.0,8812.0,91166.0,97821.0,103194.0,105339.0,109858.0,1350.0,1451.0,1493.0,1600.0,1743.0,5.298289629E9,5.528144343E9,5.729819917E9,5.832137181E9,5.953935202E9,1.593497256E9,1.818024848E9,1.871947913E9,2.024175338E9,2.281655147E9,3.86669079E8,4.46458423E8,4.6837377E8,5.12000671E8,6.03500399E8,191.5,21315.7,0.0,0.0,21315.7,0.0,0.0,0.0,0.0
204,6937.0,7540.0,7717.0,8042.0,8874.0,95701.0,101138.0,103399.0,106833.0,114548.0,1361.0,1509.0,1548.0,1586.0,1768.0,5.637451969E9,5.819241023E9,6.015668888E9,6.312934198E9,6.682601903E9,1.687570781E9,1.829602676E9,1.976856034E9,2.04958776E9,2.270147998E9,3.7228499E8,4.69710101E8,5.14474894E8,5.6483759E8,5.96966133E8,196.15,21964.65,0.0,0.0,21964.65,0.0,0.0,0.0,0.0
206,6754.0,7295.0,7645.0,7927.0,8108.0,98394.0,100212.0,102382.0,104929.0,115171.0,1412.0,1452.0,1533.0,1607.0,1678.0,5.788202069E9,6.157931889E9,6.271857715E9,6.486244262E9,6.831883622E9,1.818543271E9,1.914017098E9,1.965530945E9,2.033865379E9,2.407383429E9,3.377097E8,4.96771432E8,5.55038935E8,5.80914666E8,7.11404189E8,200.2,22048.9,0.0,0.0,22048.9,0.0,0.0,0.0,0.0
208,6718.0,7698.0,8056.0,8253.0,9052.0,96020.0,99640.0,103730.0,108226.0,109764.0,1366.0,1494.0,1549.0,1561.0,1676.0,5.784860505E9,6.192956759E9,6.302390098E9,6.379297648E9,6.925164159E9,1.786992558E9,1.926317723E9,1.968811553E9,2.139465747E9,2.358803574E9,3.47716443E8,4.70770776E8,5.57023215E8,5.98690124E8,6.4978968E8,197.4,22462.8,0.0,0.0,22462.8,0.0,0.0,0.0,0.0
210,6631.0,7308.0,7581.0,8048.0,9402.0,94867.0,104847.0,108114.0,111065.0,117302.0,1323.0,1455.0,1539.0,1604.0,1820.0,6.160582041E9,6.413031024E9,6.530592286E9,6.722016334E9,7.061899913E9,1.893635565E9,2.058983245E9,2.188874812E9,2.28202804E9,2.574795785E9,3.92163992E8,5.34446923E8,5.84652947E8,6.1667287E8,7.06830478E8,200.8,23359.5,0.0,0.0,23359.5,0.0,0.0,0.0,0.0
212,7223.0,7541.0,7930.0,8105.0,8880.0,100919.0,102771.0,105810.0,108589.0,116161.0,1352.0,1444.0,1497.0,1581.0,1732.0,6.352460103E9,6.693100228E9,6.73932672E9,7.049702551E9,7.476046754E9,1.942681822E9,2.067571285E9,2.174018582E9,2.266601197E9,2.842636476E9,4.29892861E8,5.71716017E8,6.19724855E8,6.47376681E8,7.25245044E8,204.65,23646.6,0.0,0.0,23646.6,0.0,0.0,0.0,0.0
214,7190.0,7601.0,8092.0,8521.0,9045.0,101350.0,105504.0,107401.0,111414.0,117589.0,1346.0,1497.0,1542.0,1561.0,1770.0,6.578737738E9,6.863909156E9,6.981847344E9,7.178237198E9,7.736295897E9,2.078550665E9,2.155113554E9,2.228145832E9,2.304922929E9,2.644686257E9,4.71267941E8,5.7495934E8,6.07248431E8,6.41582088E8,6.80029703E8,205.65,23982.55,0.0,0.0,23982.55,0.0,0.0,0.0,0.0
216,6677.0,7377.0,7972.0,8551.0,9145.0,104342.0,107879.0,108784.0,112430.0,119022.0,1378.0,1476.0,1512.0,1548.0,1761.0,6.890123662E9,7.016742021E9,7.285062125E9,7.455350213E9,7.717713536E9,2.086094078E9,2.274737997E9,2.338315794E9,2.413244341E9,2.578818444E9,4.53903762E8,5.53865467E8,6.05183584E8,6.81101596E8,8.712408E8,207.35,24646.4,0.0,0.0,24646.4,0.0,0.0,0.0,0.0
218,7084.0,7656.0,7921.0,8074.0,9245.0,99763.0,106045.0,109279.0,113118.0,116939.0,1371.0,1469.0,1525.0,1613.0,1696.0,6.824994255E9,7.170961813E9,7.358996155E9,7.482913729E9,7.596198148E9,2.046401628E9,2.313817523E9,2.355215283E9,2.57341452E9,2.702785487E9,5.63558092E8,6.24817134E8,6.67957431E8,6.91190958E8,7.40681467E8,208.25,24724.45,0.0,0.0,24724.45,0.0,0.0,0.0,0.0
220,7134.0,7693.0,7952.0,8409.0,8937.0,106299.0,109351.0,110939.0,112702.0,118210.0,1392.0,1435.0,1483.0,1579.0,1743.0,7.109985772E9,7.440342999E9,7.652868779E9,8.050373338E9,8.487777222E9,2.226213305E9,2.373803055E9,2.441240401E9,2.496131931E9,2.611622769E9,4.89429778E8,5.99932841E8,6.2724346E8,7.00724988E8,9.73159215E8,212.85,25397.15,0.0,0.0,25397.15,0.0,0.0,0.0,0.0
222,7060.0,7879.0,8053.0,8275.0,8819.0,103378.0,108010.0,113271.0,116623.0,121996.0,1375.0,1441.0,1534.0,1613.0,1677.0,7.327641217E9,7.619676363E9,7.737648553E9,8.072823496E9,8.360347526E9,2.273577933E9,2.391768475E9,2.499609999E9,2.697835385E9,2.840948712E9,5.00173891E8,6.06454731E8,6.93207754E8,7.53001604E8,8.89115715E8,211.4,26010.05,0.0,0.0,26010.05,0.0,0.0,0.0,0.0
224,7060.0,7692.0,7998.0,8486.0,9348.0,100763.0,108736.0,111492.0,113868.0,117248.0,1344.0,1476.0,1506.0,1602.0,1680.0,7.393239026E9,7.65565001E9,7.86310156E9,8.123419528E9,8.532990803E9,2.194025436E9,2.384223535E9,2.516485463E9,2.620488891E9,2.957922616E9,5.24473575E8,6.78318002E8,7.0863E8,7.51273383E8,8.09693477E8,213.5,25608.15,0.0,0.0,25608.15,0.0,0.0,0.0,0.0
226,7350.0,7874.0,8238.0,8673.0,9277.0,100854.0,108893.0,112850.0,116138.0,120829.0,1405.0,1438.0,1499.0,1595.0,1759.0,7.666266784E9,8.025228741E9,8.173628087E9,8.487365905E9,8.899661508E9,2.190410963E9,2.455562976E9,2.557010971E9,2.61870717E9,2.852592327E9,5.17744116E8,6.99160539E8,7.62021484E8,8.03510829E8,8.83864953E8,215.45,26136.15,0.0,0.0,26136.15,0.0,0.0,0.0,0.0
228,6271.0,7642.0,8203.0,8758.0,9580.0,108334.0,110262.0,114657.0,117356.0,118429.0,1402.0,1486.0,1538.0,1587.0,1701.0,8.012126804E9,8.253473304E9,8.551227441E9,8.80055392E9,9.009626314E9,2.489438105E9,2.571315333E9,2.673628055E9,2.773987786E9,2.896874136E9,5.48549475E8,6.63957125E8,7.6961943E8,7.86159507E8,9.59815831E8,219.45,26873.2,0.0,0.0,26873.2,0.0,0.0,0.0,0.0
230,7462.0,7772.0,8141.0,8268.0,9361.0,102668.0,111863.0,113989.0,117512.0,123397.0,1387.0,1473.0,1507.0,1547.0,1706.0,7.905217378E9,8.375441394E9,8.65708417E9,9.078423303E9,9.425636377E9,2.253125777E9,2.650439179E9,2.801045309E9,2.891084518E9,3.118996809E9,5.48747083E8,7.3831844E8,7.83236243E8,8.40096359E8,9.25758437E8,221.7,27480.05,0.0,0.0,27480.05,0.0,0.0,0.0,0.0
232,7284.0,8122.0,8181.0,8409.0,9483.0,109437.0,111041.0,114264.0,118812.0,123709.0,1338.0,1484.0,1532.0,1588.0,1687.0,8.444518381E9,8.646974591E9,8.874374928E9,9.045666772E9,9.588309387E9,2.438391809E9,2.667276998E9,2.760616332E9,2.948083489E9,3.214233227E9,5.94092823E8,7.09948876E8,7.64769329E8,8.69257191E8,1.016187153E9,221.95,27711.7,0.0,0.0,27711.7,0.0,0.0,0.0,0.0
234,7383.0,8124.0,8588.0,8665.0,9088.0,110790.0,113742.0,116185.0,120533.0,128758.0,1358.0,1434.0,1475.0,1549.0,1633.0,8.696656155E9,8.953236682E9,9.06562407E9,9.210819221E9,9.812437118E9,2.613312444E9,2.674463649E9,2.890061126E9,3.157495696E9,3.606465637E9,5.5788602E8,7.05626784E8,7.99558474E8,8.70387943E8,9.407008E8,223.75,28628.45,0.0,0.0,28628.45,0.0,0.0,0.0,0.0
236,7255.0,7896.0,8234.0,8600.0,9048.0,106473.0,112199.0,115390.0,118681.0,123763.0,1358.0,1446.0,1509.0,1563.0,1671.0,8.948039736E9,9.330289126E9,9.406665474E9,9.755477191E9,9.943076618E9,2.585525754E9,2.745658157E9,2.826350455E9,2.919253132E9,3.586049889E9,6.1010445E8,8.72752857E8,9.31927158E8,1.023116685E9,1.07708681E9,228.85,28270.85,0.0,0.0,28270.85,0.0,0.0,0.0,0.0
238,7800.0,8031.0,8187.0,8357.0,8834.0,111078.0,117166.0,118536.0,122268.0,125995.0,1392.0,1470.0,1524.0,1576.0,1682.0,9.127099994E9,9.393685035E9,9.684094799E9,9.866563478E9,1.0500090345E10,2.6250201E9,2.928052449E9,3.066322734E9,3.206438908E9,3.985931449E9,6.30760636E8,8.21577597E8,8.61422771E8,9.40411154E8,1.063728524E9,230.25,29861.1,0.0,0.0,29861.1,0.0,0.0,0.0,0.0
240,7389.0,7954.0,8255.0,8741.0,9855.0,107353.0,116138.0,118842.0,121091.0,127205.0,1387.0,1443.0,1473.0,1526.0,1697.0,9.097448568E9,9.700758694E9,9.988146918E9,1.0187582397E10,1.0625745808E10,2.74318853E9,3.014134743E9,3.139939144E9,3.285544489E9,3.623847285E9,6.24776266E8,7.71799056E8,8.37337115E8,9.00293106E8,1.08467016E9,231.1,29589.35,0.0,0.0,29589.35,0.0,0.0,0.0,0.0
242,7614.0,8294.0,8506.0,8917.0,9191.0,111209.0,115797.0,120347.0,124130.0,129286.0,1310.0,1488.0,1526.0,1614.0,1730.0,9.628758922E9,9.816029846E9,1.0191692023E10,1.0324263628E10,1.0884735348E10,2.833822246E9,2.974469597E9,3.10321384E9,3.186111265E9,3.531941493E9,7.43938863E8,8.22512714E8,9.06538943E8,9.48351807E8,1.081225247E9,233.25,29960.55,0.0,0.0,29960.55,0.0,0.0,0.0,0.0
244,7648.0,8173.0,8410.0,8852.0,9145.0,114320.0,122879.0,124963.0,128340.0,137060.0,1291.0,1415.0,1468.0,1503.0,1633.0,9.636441526E9,9.993685039E9,1.018079848E10,1.0412210438E10,1.1077280293E10,2.948001473E9,3.157856027E9,3.270647038E9,3.432133238E9,3.733117317E9,7.01432934E8,8.35629037E8,9.08072793E8,1.006934326E9,1.09908868E9,233.4,31559.05,0.0,0.0,31559.05,0.0,0.0,0.0,0.0
246,7161.0,8249.0,8437.0,8614.0,9770.0,117576.0,119877.0,121252.0,124277.0,127523.0,1306.0,1474.0,1536.0,1600.0,1651.0,1.0086939338E10,1.0424045907E10,1.0831736881E10,1.1226821298E10,1.1711096512E10,3.087296996E9,3.192458228E9,3.254708902E9,3.325100754E9,3.744242943E9,7.89373675E8,8.72556877E8,9.12763995E8,1.022209981E9,1.173534627E9,238.15,31096.25,0.0,0.0,31096.25,0.0,0.0,0.0,0.0
248,7689.0,8329.0,8510.0,9131.0,9451.0,117089.0,120015.0,123946.0,126657.0,137032.0,1380.0,1471.0,1492.0,1554.0,1682.0,1.010056422E10,1.0507186462E10,1.0591041858E10,1.1252511641E10,1.2344765414E10,2.965032524E9,3.204065606E9,3.339782756E9,3.53193648E9,3.95792997E9,6.70807295E8,9.63627451E8,1.093568141E9,1.163121693E9,1.238611237E9,238.75,31805.05,0.0,0.0,31805.05,0.0,0.0,0.0,0.0
250,7512.0,8288.0,8578.0,8898.0,9367.0,118173.0,121162.0,125766.0,126873.0,132674.0,1318.0,1498.0,1532.0,1584.0,1659.0,1.0480510103E10,1.1112237918E10,1.1463638954E10,1.168786424E10,1.2288977771E10,3.088171626E9,3.333930294E9,3.41976516E9,3.764763647E9,3.873761034E9,7.85527126E8,1.026060797E9,1.087076798E9,1.191287927E9,1.391045144E9,245.95,32491.15,0.0,0.0,32491.15,0.0,0.0,0.0,0.0
252,7423.0,8399.0,8860.0,9114.0,9735.0,118718.0,122607.0,126209.0,129193.0,132487.0,1384.0,1433.0,1500.0,1559.0,1661.0,1.09087138E10,1.1213015495E10,1.1410340756E10,1.1814359475E10,1.2823321703E10,3.222660194E9,3.468487129E9,3.591127326E9,3.65525888E9,4.186608001E9,9.28337934E8,1.017772314E9,1.069036187E9,1.194716336E9,1.38025803E9,242.85,33082.3,0.0,0.0,33082.3,0.0,0.0,0.0,0.0
254,7557.0,8192.0,8468.0,8703.0,9404.0,119953.0,124791.0,128238.0,130280.0,138678.0,1311.0,1427.0,1489.0,1513.0,1590.0,1.1143772556E10,1.1482090269E10,1.1624355769E10,1.1808178472E10,1.2496342904E10,3.421067984E9,3.522734874E9,3.640813826E9,3.83087322E9,4.259282603E9,9.55956854E8,1.033271138E9,1.091615911E9,1.168405464E9,1.302702582E9,245.3,33692.85,0.0,0.0,33692.85,0.0,0.0,0.0,0.0
256,7738.0,8166.0,8789.0,8959.0,10205.0,120216.0,125478.0,127232.0,131770.0,133422.0,1394.0,1478.0,1522.0,1580.0,1686.0,1.1428110907E10,1.186002636E10,1.2378560215E10,1.2753896614E10,1.3537730503E10,3.317069989E9,3.694491638E9,3.761153909E9,3.866109688E9,4.131264934E9,8.87638186E8,1.040044015E9,1.174325353E9,1.329508734E9,1.495170547E9,252.9,34061.95,0.0,0.0,34061.95,0.0,0.0,0.0,0.0
258,7823.0,8424.0,8971.0,9068.0,9511.0,118152.0,128755.0,130341.0,132750.0,138004.0,1364.0,1458.0,1517.0,1529.0,1626.0,1.1563526544E10,1.1843826181E10,1.196250599E10,1.252223205E10,1.311687175E10,3.565334266E9,3.733817473E9,3.887148565E9,4.007569771E9,4.90961322E9,8.90170974E8,1.046352957E9,1.137156222E9,1.190233157E9,1.330053789E9,248.6,35070.1,0.0,0.0,35070.1,0.0,0.0,0.0,0.0
260,7616.0,8420.0,8667.0,8847.0,9728.0,122663.0,127021.0,130032.0,133528.0,137417.0,1385.0,1482.0,1507.0,1536.0,1628.0,1.1967789409E10,1.2340421244E10,1.263691292E10,1.2988176635E10,1.3719621514E10,3.372409441E9,3.792550305E9,3.963568312E9,4.179153517E9,4.484815254E9,9.52329573E8,1.070452207E9,1.178684015E9,1.246096497E9,1.420002374E9,252.65,35352.85,0.0,0.0,35352.85,0.0,0.0,0.0,0.0
262,7589.0,8279.0,8509.0,8792.0,9635.0,121218.0,129474.0,132174.0,134316.0,136835.0,1308.0,1486.0,1530.0,1540.0,1612.0,1.1990456645E10,1.2758098856E10,1.2898231035E10,1.3185867449E10,1.3669671845E10,3.53697015E9,3.866082923E9,3.980278418E9,4.0456117E9,4.413917723E9,1.020573799E9,1.162415575E9,1.276124425E9,1.340134618E9,1.481786122E9,257.8,35678.85,0.0,0.0,35678.85,0.0,0.0,0.0,0.0
264,7808.0,8415.0,8800.0,9039.0,9668.0,123998.0,126291.0,130817.0,134518.0,137912.0,1315.0,1440.0,1491.0,1524.0,1635.0,1.2206313973E10,1.292104287E10,1.3232084203E10,1.3475485304E10,1.444063702E10,3.642124104E9,3.892079463E9,4.301210569E9,4.422377055E9,4.711946223E9,9.42882331E8,1.144552844E9,1.275761649E9,1.362302356E9,1.589584914E9,259.05,36298.45,0.0,0.0,36298.45,0.0,0.0,0.0,0.0
266,7893.0,8501.0,8591.0,9060.0,10641.0,121584.0,130005.0,133080.0,137746.0,143625.0,1313.0,1408.0,1439.0,1570.0,1655.0,1.2762136549E10,1.337715606E10,1.368940373E10,1.4024330679E10,1.4912991618E10,3.632452098E9,4.081446162E9,4.225109532E9,4.418501151E9,4.756080054E9,1.011720302E9,1.181809466E9,1.32253668E9,1.444610485E9,1.678712598E9,258.3,37025.2,0.0,0.0,37025.2,0.0,0.0,0.0,0.0
268,7879.0,8392.0,8958.0,9313.0,10021.0,119145.0,132391.0,136491.0,139766.0,144102.0,1348.0,1439.0,1518.0,1571.0,1619.0,1.3156519157E10,1.332584613E10,1.3746622878E10,1.4375446358E10,1.481489996E10,3.672684542E9,4.095849618E9,4.280260376E9,4.785938116E9,5.462517567E9,9.595145E8,1.166989605E9,1.345566461E9,1.461895212E9,1.671709918E9,265.35,38191.95,0.0,0.0,38191.95,0.0,0.0,0.0,0.0
270,8392.0,8645.0,8830.0,9185.0,9452.0,127695.0,132328.0,135887.0,137619.0,146147.0,1342.0,1429.0,1481.0,1527.0,1606.0,1.3552666517E10,1.4292231788E10,1.4560178357E10,1.5001726565E10,1.5384974216E10,3.902691859E9,4.227970701E9,4.362109789E9,4.481346085E9,4.730135947E9,1.159245213E9,1.278254873E9,1.402934069E9,1.54896603E9,1.814000313E9,270.15,37922.7,0.0,0.0,37922.7,0.0,0.0,0.0,0.0
272,7772.0,8648.0,8805.0,9211.0,9773.0,122573.0,132339.0,135560.0,138957.0,147604.0,1407.0,1445.0,1525.0,1538.0,1671.0,1.3903536092E10,1.4301620621E10,1.489667737E10,1.5040895611E10,1.5090297755E10,4.067866146E9,4.219781326E9,4.398073941E9,4.515102581E9,5.318117868E9,1.042874674E9,1.221823421E9,1.308689873E9,1.406303331E9,1.696864521E9,266.5,38112.3,0.0,0.0,38112.3,0.0,0.0,0.0,0.0
274,7923.0,8342.0,8785.0,9168.0,9628.0,127508.0,133665.0,134570.0,139585.0,143659.0,1374.0,1444.0,1487.0,1583.0,1607.0,1.3892952828E10,1.45387323E10,1.4663638995E10,1.5484302948E10,1.7141433471E10,3.958264268E9,4.371298277E9,4.529130938E9,4.602080539E9,5.217931278E9,1.10740437E9,1.347962919E9,1.498942073E9,1.631232058E9,1.783205882E9,270.3,38643.75,0.0,0.0,38643.75,0.0,0.0,0.0,0.0
276,7168.0,8309.0,8765.0,9274.0,9496.0,128351.0,135998.0,138390.0,142442.0,144591.0,1358.0,1416.0,1501.0,1559.0,1594.0,1.4051033312E10,1.4725880888E10,1.5088254194E10,1.5279429785E10,1.6240130787E10,4.07128481E9,4.471245988E9,4.556384084E9,4.762802485E9,4.970669546E9,1.139185323E9,1.342627174E9,1.542369525E9,1.68059538E9,1.768320615E9,274.25,39640.1,0.0,0.0,39640.1,0.0,0.0,0.0,0.0
278,8002.0,8425.0,8779.0,8974.0,10189.0,125242.0,136844.0,139739.0,145538.0,154023.0,1298.0,1467.0,1504.0,1544.0,1610.0,1.4780465624E10,1.5278402209E10,1.545304757E10,1.5799428025E10,1.6455919895E10,4.387486518E9,4.585422331E9,4.735779542E9,4.975895772E9,5.169113043E9,1.175150148E9,1.362008576E9,1.578120769E9,1.655199439E9,1.861244297E9,279.0,40531.8,0.0,0.0,40531.8,0.0,0.0,0.0,0.0
280,7782.0,8666.0,8993.0,9370.0,9799.0,134616.0,138828.0,141120.0,146509.0,148291.0,1356.0,1446.0,1500.0,1592.0,1680.0,1.4889473928E10,1.5592412668E10,1.5969146725E10,1.6305547368E10,1.6806606432E10,4.499355566E9,4.739056227E9,4.88143075E9,5.127657971E9,5.364728362E9,1.21498232E9,1.416476627E9,1.506018084E9,1.723770817E9,1.927121024E9,274.95,41178.15,0.0,0.0,41178.15,0.0,0.0,0.0,0.0
282,8088.0,8719.0,8954.0,9223.0,9573.0,132339.0,136656.0,140955.0,143522.0,146477.0,1325.0,1462.0,1493.0,1540.0,1651.0,1.5383686349E10,1.6076058197E10,1.6210308423E10,1.6383855687E10,1.7097987521E10,4.492823284E9,4.759767909E9,4.882917288E9,5.044897302E9,5.499671231E9,1.402549984E9,1.507147715E9,1.61054001E9,1.768617624E9,1.844556695E9,277.95,41166.05,0.0,0.0,41166.05,0.0,0.0,0.0,0.0
284,7898.0,8942.0,9220.0,9516.0,9912.0,132419.0,137345.0,142092.0,143867.0,151287.0,1371.0,1424.0,1463.0,1559.0,1629.0,1.5492953382E10,1.6201760928E10,1.6511441688E10,1.7124366206E10,1.7623445428E10,4.548553634E9,4.822464761E9,4.99721863E9,5.172834408E9,5.895941451E9,1.190090448E9,1.415349819E9,1.581715213E9,1.743814843E9,1.88483224E9,276.2,41485.65,0.0,0.0,41485.65,0.0,0.0,0.0,0.0
286,8193.0,8572.0,8927.0,9519.0,10375.0,124698.0,137959.0,144132.0,146714.0,153877.0,1341.0,1423.0,1508.0,1542.0,1683.0,1.5945542842E10,1.6696750174E10,1.7068117748E10,1.7278379381E10,1.8493147103E10,4.382765848E9,5.098747942E9,5.239997309E9,5.479324462E9,5.803599252E9,1.427753507E9,1.617056243E9,1.720339432E9,1.85540704E9,2.285980112E9,283.75,42352.75,0.0,0.0,42352.75,0.0,0.0,0.0,0.0
288,7870.0,9003.0,9322.0,9510.0,9905.0,134741.0,139159.0,143692.0,146908.0,156499.0,1303.0,1488.0,1516.0,1556.0,1596.0,1.653042782E10,1.6911494475E10,1.7403758463E10,1.7980948075E10,1.8525516121E10,4.719562874E9,4.991940467E9,5.248013996E9,5.51425635E9,6.563284251E9,1.310879108E9,1.610623289E9,1.69225175E9,1.854422377E9,2.250148961E9,283.9,43118.4,0.0,0.0,43118.4,0.0,0.0,0.0,0.0
290,8102.0,8660.0,9313.0,9705.0,10375.0,136428.0,142560.0,145018.0,146843.0,156749.0,1355.0,1437.0,1486.0,1553.0,1615.0,1.6893693568E10,1.7594678236E10,1.7943948464E10,1.8383207964E10,1.8983395268E10,4.832190156E9,5.279667813E9,5.38154442E9,5.575036205E9,6.20504183E9,1.454341889E9,1.67010777E9,1.831445259E9,2.015525513E9,2.10881484E9,288.25,43872.2,0.0,0.0,43872.2,0.0,0.0,0.0,0.0
292,8314.0,8647.0,9140.0,9481.0,10521.0,140434.0,144258.0,146142.0,148180.0,150962.0,1328.0,1446.0,1496.0,1540.0,1693.0,1.7350279261E10,1.7737705473E10,1.8034927353E10,1.8991969193E10,1.9756720871E10,5.174116534E9,5.311599447E9,5.388958909E9,5.524133111E9,6.085832074E9,1.486886416E9,1.704677346E9,1.85946979E9,1.989537271E9,2.369712703E9,288.2,44159.45,0.0,0.0,44159.45,0.0,0.0,0.0,0.0
294,8190.0,8885.0,9139.0,9541.0,10487.0,141850.0,144848.0,146804.0,149606.0,157316.0,1384.0,1454.0,1479.0,1535.0,1620.0,1.7292455469E10,1.8039513238E10,1.8276557286E10,1.8926793729E10,1.9556734341E10,5.214073855E9,5.410144709E9,5.532130319E9,5.830461798E9,6.428378551E9,1.317966287E9,1.656616142E9,1.845572763E9,2.063000562E9,2.251510045E9,294.95,45216.0,0.0,0.0,45216.0,0.0,0.0,0.0,0.0
296,8184.0,9375.0,9597.0,9863.0,10070.0,140546.0,142395.0,146949.0,149232.0,153518.0,1460.0,1503.0,1537.0,1571.0,1650.0,1.8092411909E10,1.8909045668E10,1.9257297917E10,1.9630128785E10,2.3272820727E10,5.23928459E9,5.430292494E9,5.621251281E9,5.87345738E9,6.266439476E9,1.607554515E9,1.752843909E9,1.868549758E9,2.006518923E9,2.167927604E9,291.35,44972.05,0.0,0.0,44972.05,0.0,0.0,0.0,0.0
298,8352.0,9036.0,9220.0,9476.0,10369.0,138710.0,147315.0,149938.0,151481.0,160457.0,1404.0,1452.0,1505.0,1548.0,1670.0,1.8088680627E10,1.8687087295E10,1.9499900147E10,2.0100564461E10,2.0594644922E10,5.461672433E9,5.668806389E9,5.76430745E9,6.228046701E9,7.007666181E9,1.699187006E9,1.808646287E9,2.042195346E9,2.219741195E9,2.370001562E9,294.2,46544.95,0.0,0.0,46544.95,0.0,0.0,0.0,0.0
300,8364.0,8752.0,9071.0,9412.0,10248.0,135870.0,148401.0,151036.0,153219.0,159641.0,1367.0,1469.0,1493.0,1518.0,1650.0,1.8275536563E10,1.9522691822E10,1.9675522758E10,2.0236458631E10,2.0953700074E10,5.48004034E9,5.773278766E9,5.98201235E9,6.267918627E9,6.547432997E9,1.514529982E9,1.834824003E9,1.900122838E9,2.040562615E9,2.376577093E9,298.0,47200.95,0.0,0.0,47200.95,0.0,0.0,0.0,0.0
302,8259.0,8903.0,9211.0,9610.0,10167.0,141443.0,148333.0,151377.0,154275.0,155719.0,1358.0,1456.0,1506.0,1537.0,1622.0,1.8980887713E10,1.9740420446E10,2.0080754511E10,2.0487462671E10,2.148472003E10,5.590659785E9,5.975039245E9,6.09932587E9,6.524617693E9,8.238144454E9,1.553438238E9,1.856893486E9,2.02465857E9,2.14421936E9,2.405617882E9,303.8,47892.85,0.0,0.0,47892.85,0.0,0.0,0.0,0.0
304,8119.0,8945.0,9416.0,9789.0,10462.0,142945.0,148461.0,152742.0,155426.0,159036.0,1385.0,1465.0,1486.0,1535.0,1570.0,1.970147143E10,2.0613857998E10,2.106187723E10,2.132186582E10,2.2602105073E10,5.732208145E9,6.041516872E9,6.215342529E9,6.4694678E9,7.356882489E9,1.45698204E9,1.899469963E9,2.058449152E9,2.22208246E9,2.628011291E9,302.65,48562.2,0.0,0.0,48562.2,0.0,0.0,0.0,0.0
306,8203.0,8719.0,9065.0,9499.0,10535.0,145738.0,150940.0,153948.0,155483.0,159864.0,1368.0,1419.0,1504.0,1535.0,1698.0,2.0232226517E10,2.0703620657E10,2.1338481388E10,2.1530044942E10,2.2551897143E10,5.967161332E9,6.116688843E9,6.382872119E9,6.557857264E9,7.036749502E9,1.738463101E9,1.956715227E9,2.01667122E9,2.233791227E9,2.954528171E9,304.7,48978.85,0.0,0.0,48978.85,0.0,0.0,0.0,0.0
308,7958.0,9016.0,9240.0,9436.0,10523.0,145454.0,149860.0,154307.0,156965.0,160102.0,1325.0,1400.0,1448.0,1512.0,1645.0,2.0413685768E10,2.0638382419E10,2.1245198393E10,2.1809333633E10,2.3443025784E10,5.926311872E9,6.275838251E9,6.458566868E9,6.691248971E9,6.921092282E9,1.769069315E9,2.086112223E9,2.131743271E9,2.376834591E9,2.520141761E9,311.3,49054.3,0.0,0.0,49054.3,0.0,0.0,0.0,0.0
310,8492.0,8919.0,9170.0,9781.0,10420.0,144160.0,152858.0,156614.0,158129.0,164011.0,1346.0,1463.0,1491.0,1530.0,1626.0,2.046351181E10,2.1110449676E10,2.1440056711E10,2.1850902493E10,2.2822265974E10,5.641311962E9,6.369121751E9,6.602609685E9,6.819389793E9,7.159568154E9,1.878834214E9,2.136743003E9,2.168270857E9,2.265239136E9,2.504693346E9,309.05,50131.35,0.0,0.0,50131.35,0.0,0.0,0.0,0.0
312,8644.0,9006.0,9122.0,9471.0,10073.0,144156.0,152763.0,154656.0,156819.0,168179.0,1360.0,1414.0,1463.0,1509.0,1544.0,2.0979126663E10,2.1692062563E10,2.2042100877E10,2.2790628531E10,2.3762926005E10,6.306167901E9,6.444956931E9,6.588099023E9,6.846355192E9,7.707471663E9,2.01216315E9,2.086149948E9,2.381708181E9,2.456061839E9,3.269397713E9,313.95,50633.1,0.0,0.0,50633.1,0.0,0.0,0.0,0.0
314,8642.0,8910.0,9222.0,9901.0,10554.0,147370.0,154070.0,155781.0,161441.0,163374.0,1302.0,1434.0,1489.0,1517.0,1591.0,2.2079599818E10,2.2570315601E10,2.3115516309E10,2.386546886E10,2.4302312218E10,6.10658523E9,6.610096591E9,6.813698562E9,6.948096135E9,7.49957115E9,1.591058328E9,2.311963197E9,2.528938088E9,2.727653093E9,3.007376909E9,316.75,50930.1,0.0,0.0,50930.1,0.0,0.0,0.0,0.0
316,8631.0,9084.0,9383.0,9800.0,10393.0,145455.0,153537.0,157125.0,160281.0,168157.0,1303.0,1384.0,1483.0,1528.0,1586.0,2.1815495926E10,2.2347291967E10,2.2628155511E10,2.3421285708E10,2.4776104403E10,6.36983368E9,6.797840404E9,6.975529046E9,7.41371707E9,8.241496847E9,1.846638333E9,2.206512582E9,2.357557481E9,2.501199218E9,2.809755705E9,314.2,52402.95,0.0,0.0,52402.95,0.0,0.0,0.0,0.0
318,8779.0,9343.0,9530.0,9877.0,10805.0,143755.0,155601.0,158443.0,163061.0,168360.0,1297.0,1418.0,1461.0,1512.0,1620.0,2.2299331431E10,2.295033133E10,2.3884379926E10,2.4230315725E10,2.4906093934E10,6.468083203E9,6.788366142E9,7.03491278E9,7.294936005E9,8.034753264E9,2.010323848E9,2.254106071E9,2.399855813E9,2.529397883E9,2.849870029E9,315.0,52105.3,0.0,0.0,52105.3,0.0,0.0,0.0,0.0
320,8638.0,9371.0,9541.0,9901.0,10681.0,154195.0,155875.0,164401.0,168165.0,169969.0,1374.0,1408.0,1453.0,1505.0,1606.0,2.2570462696E10,2.3285267496E10,2.3986608171E10,2.4582371112E10,2.649658564E10,6.706519142E9,7.145610393E9,7.376040661E9,7.445137028E9,7.818335845E9,1.705120454E9,2.308447757E9,2.573601861E9,2.698165277E9,3.307959138E9,319.45,54152.15,0.0,0.0,54152.15,0.0,0.0,0.0,0.0
322,8553.0,9361.0,9472.0,9852.0,10666.0,148037.0,157369.0,160699.0,163640.0,166786.0,1341.0,1420.0,1458.0,1480.0,1614.0,2.3225441426E10,2.3936307224E10,2.4569295304E10,2.5442630242E10,2.6011315053E10,6.673725842E9,7.128960012E9,7.362236148E9,7.727853219E9,8.585258934E9,2.182678111E9,2.389072668E9,2.534591551E9,2.660830145E9,3.209576919E9,326.0,54090.2,0.0,0.0,54090.2,0.0,0.0,0.0,0.0
324,8444.0,9007.0,9531.0,9952.0,10512.0,148622.0,159870.0,163731.0,166557.0,169428.0,1341.0,1427.0,1459.0,1526.0,1555.0,2.3782421354E10,2.4186071327E10,2.4829144585E10,2.5781716595E10,2.6244039705E10,6.808888162E9,7.275679522E9,7.508858292E9,7.690231225E9,8.918388037E9,2.131656104E9,2.417848816E9,2.483437511E9,2.736067129E9,3.054254459E9,327.3,55135.1,0.0,0.0,55135.1,0.0,0.0,0.0,0.0
326,8697.0,9330.0,9489.0,9951.0,10554.0,155730.0,159844.0,162563.0,165064.0,168573.0,1359.0,1396.0,1464.0,1542.0,1620.0,2.4814623663E10,2.5153265466E10,2.5732077394E10,2.6328036639E10,2.7197184913E10,7.011235824E9,7.444213928E9,7.637508121E9,8.024727658E9,9.52332864E9,2.407448034E9,2.595253159E9,2.72482863E9,2.881023526E9,3.04392944E9,333.05,55425.8,0.0,0.0,55425.8,0.0,0.0,0.0,0.0
328,9015.0,9395.0,9704.0,10041.0,10904.0,154736.0,159769.0,161226.0,164441.0,167963.0,1256.0,1432.0,1479.0,1548.0,1608.0,2.456103365E10,2.5574932758E10,2.5791301473E10,2.6743822362E10,2.8185627987E10,7.168811996E9,7.401657993E9,7.578225533E9,8.120332487E9,9.091970466E9,2.304945315E9,2.449832642E9,2.625148637E9,2.860907406E9,3.334852209E9,329.75,55754.5,0.0,0.0,55754.5,0.0,0.0,0.0,0.0
330,8880.0,9623.0,9906.0,10257.0,10864.0,153917.0,161687.0,165918.0,171235.0,173880.0,1304.0,1413.0,1460.0,1510.0,1632.0,2.4864390992E10,2.6063527772E10,2.6283121089E10,2.6818626216E10,2.7460314671E10,7.206258643E9,8.005952535E9,8.226244931E9,8.507100374E9,9.188622378E9,1.844785567E9,2.55666647E9,2.670875658E9,3.033610674E9,3.81157429E9,328.35,57735.05,0.0,0.0,57735.05,0.0,0.0,0.0,0.0
332,8943.0,9352.0,9672.0,9938.0,11244.0,160855.0,167417.0,169079.0,172071.0,175672.0,1370.0,1442.0,1470.0,1500.0,1544.0,2.5851884201E10,2.6800085621E10,2.7041519475E10,2.8032184699E10,2.8624246741E10,7.629740959E9,8.075723152E9,8.19222437E9,8.586746113E9,9.325247322E9,2.257055285E9,2.589601163E9,2.72504614E9,2.910927388E9,3.016781034E9,335.9,58450.2,0.0,0.0,58450.2,0.0,0.0,0.0,0.0
334,8983.0,9278.0,9692.0,9978.0,10628.0,150650.0,165971.0,167982.0,168703.0,172637.0,1351.0,1424.0,1456.0,1546.0,1567.0,2.5234191253E10,2.6841802163E10,2.7576967254E10,2.8353875889E10,2.9761341773E10,7.283011546E9,8.088390605E9,8.217481841E9,8.630383784E9,9.316861004E9,2.651010477E9,2.934675556E9,3.171350101E9,3.322382706E9,3.711522121E9,335.15,58282.05,0.0,0.0,58282.05,0.0,0.0,0.0,0.0
336,8654.0,9381.0,9750.0,10022.0,10412.0,158424.0,162670.0,167155.0,169626.0,176710.0,1340.0,1403.0,1468.0,1518.0,1575.0,2.6572212439E10,2.7214112853E10,2.7701307852E10,2.8617138762E10,2.9269934445E10,7.841500681E9,8.049332902E9,8.280596029E9,8.835599827E9,9.785029363E9,2.191472531E9,2.784916932E9,2.924376466E9,3.143703483E9,3.899823162E9,339.6,58901.9,0.0,0.0,58901.9,0.0,0.0,0.0,0.0
338,8752.0,9430.0,9865.0,10132.0,11689.0,163755.0,166114.0,168290.0,171727.0,182615.0,1297.0,1446.0,1512.0,1560.0,1642.0,2.7374780719E10,2.7917471082E10,2.8336710941E10,2.9032784807E10,3.0430415892E10,8.083800464E9,8.472044004E9,8.595008161E9,8.969457245E9,9.950096656E9,2.656549119E9,2.835077218E9,3.027565178E9,3.31634868E9,3.905657078E9,339.2,60309.15,0.0,0.0,60309.15,0.0,0.0,0.0,0.0
340,8407.0,9374.0,9603.0,10109.0,10784.0,157940.0,165662.0,171455.0,174480.0,183904.0,1377.0,1389.0,1487.0,1520.0,1580.0,2.7469226004E10,2.828124748E10,2.8696604065E10,3.0024046715E10,3.1289772178E10,8.095847585E9,8.457608387E9,8.813217177E9,9.291933446E9,9.748338578E9,2.321649308E9,2.935215266E9,3.284264105E9,3.484990577E9,4.059605139E9,342.3,60862.0,0.0,0.0,60862.0,0.0,0.0,0.0,0.0
342,8680.0,9392.0,9653.0,10077.0,10561.0,160944.0,168138.0,171162.0,173115.0,177283.0,1285.0,1428.0,1488.0,1522.0,1632.0,2.7703188129E10,2.9519278419E10,2.9930051939E10,3.0307901539E10,3.3928066142E10,8.014286107E9,8.648155238E9,8.900943627E9,9.372922203E9,1.0401299215E10,2.615966253E9,3.100416599E9,3.286852252E9,3.608204548E9,3.817184326E9,345.7,61852.75,0.0,0.0,61852.75,0.0,0.0,0.0,0.0
344,8803.0,9545.0,9685.0,10198.0,11150.0,159346.0,166647.0,173011.0,174069.0,176416.0,1328.0,1426.0,1479.0,1527.0,1665.0,2.9048253053E10,2.9454038242E10,3.037258314E10,3.1062964176E10,3.1874648976E10,7.997442912E9,8.663891808E9,8.992610888E9,9.256411847E9,1.0198330727E10,2.562815636E9,3.107554082E9,3.298765794E9,3.66568562E9,4.386360763E9,351.1,61074.05,0.0,0.0,61074.05,0.0,0.0,0.0,0.0
346,8449.0,9566.0,9825.0,10033.0,10618.0,163619.0,169982.0,173050.0,175406.0,179129.0,1356.0,1445.0,1478.0,1499.0,1610.0,2.87466458E10,2.9739082228E10,3.003176359E10,3.0337438006E10,3.1898848596E10,8.604276102E9,8.929878353E9,9.288701219E9,9.54432119E9,1.0146718665E10,2.866124325E9,3.394132237E9,3.537005928E9,3.835297546E9,4.223338706E9,352.65,62778.8,0.0,0.0,62778.8,0.0,0.0,0.0,0.0
348,9404.0,9898.0,10147.0,10478.0,10830.0,163516.0,169108.0,174980.0,178521.0,185687.0,1314.0,1438.0,1475.0,1515.0,1765.0,2.920655707E10,3.0571369451E10,3.1214587229E10,3.1791802165E10,3.3321887295E10,8.313479226E9,9.092627621E9,9.497847856E9,9.984112315E9,1.0774668343E10,2.578799838E9,3.162870864E9,3.567980616E9,3.755757793E9,4.023688794E9,348.1,63627.85,0.0,0.0,63627.85,0.0,0.0,0.0,0.0
350,9213.0,9786.0,10052.0,10404.0,10691.0,163021.0,169978.0,173236.0,179516.0,181700.0,1350.0,1417.0,1454.0,1518.0,1575.0,2.9800651327E10,3.0865851491E10,3.1381847658E10,3.2495258972E10,3.3933142868E10,8.7043285E9,9.137462939E9,9.653042606E9,1.0014671915E10,1.0665120458E10,3.172928129E9,3.509588656E9,3.616697033E9,3.96129358E9,4.455068871E9,351.3,64105.7,0.0,0.0,64105.7,0.0,0.0,0.0,0.0
